{
  "visState": "{\n  \"title\": \"Cassandra: RequestCountStackByType\",\n  \"type\": \"histogram\",\n  \"params\": {\n    \"shareYAxis\": true,\n    \"addTooltip\": true,\n    \"addLegend\": true,\n    \"scale\": \"linear\",\n    \"mode\": \"stacked\",\n    \"times\": [],\n    \"addTimeMarker\": false,\n    \"defaultYExtents\": false,\n    \"setYExtents\": false,\n    \"yAxis\": {}\n  },\n  \"aggs\": [\n    {\n      \"id\": \"1\",\n      \"type\": \"count\",\n      \"schema\": \"metric\",\n      \"params\": {}\n    },\n    {\n      \"id\": \"2\",\n      \"type\": \"date_histogram\",\n      \"schema\": \"segment\",\n      \"params\": {\n        \"field\": \"@timestamp\",\n        \"interval\": \"auto\",\n        \"customInterval\": \"2h\",\n        \"min_doc_count\": 1,\n        \"extended_bounds\": {}\n      }\n    },\n    {\n      \"id\": \"3\",\n      \"type\": \"terms\",\n      \"schema\": \"group\",\n      \"params\": {\n        \"field\": \"cassandra.request.headers.op\",\n        \"size\": 5,\n        \"order\": \"desc\",\n        \"orderBy\": \"1\"\n      }\n    }\n  ],\n  \"listeners\": {}\n}", 
  "description": "", 
  "title": "Cassandra: RequestCountStackByType", 
  "uiStateJSON": "{}", 
  "version": 1, 
  "kibanaSavedObjectMeta": {
    "searchSourceJSON": "{\n  \"index\": \"packetbeat-*\",\n  \"query\": {\n    \"query_string\": {\n      \"query\": \"*\",\n      \"analyze_wildcard\": true\n    }\n  },\n  \"filter\": []\n}"
  }
}