{
  "hits": 0, 
  "timeRestore": false, 
  "description": "", 
  "title": "Metricbeat-processes", 
  "uiStateJSON": "{\"P-1\":{\"vis\":{\"params\":{\"sort\":{\"columnIndex\":null,\"direction\":null}}}},\"P-4\":{\"vis\":{\"params\":{\"sort\":{\"columnIndex\":null,\"direction\":null}}}}}", 
  "panelsJSON": "[{\"col\":1,\"id\":\"Top-processes-by-memory-usage\",\"panelIndex\":1,\"row\":4,\"size_x\":6,\"size_y\":5,\"type\":\"visualization\"},{\"col\":1,\"id\":\"CPU-usage-per-process\",\"panelIndex\":2,\"row\":9,\"size_x\":6,\"size_y\":6,\"type\":\"visualization\"},{\"col\":7,\"id\":\"Memory-usage-per-process\",\"panelIndex\":3,\"row\":9,\"size_x\":6,\"size_y\":6,\"type\":\"visualization\"},{\"col\":7,\"id\":\"Top-processes-by-CPU-usage\",\"panelIndex\":4,\"row\":4,\"size_x\":6,\"size_y\":5,\"type\":\"visualization\"},{\"id\":\"System-Navigation\",\"type\":\"visualization\",\"panelIndex\":5,\"size_x\":3,\"size_y\":3,\"col\":1,\"row\":1},{\"id\":\"Number-of-Pids\",\"type\":\"visualization\",\"panelIndex\":6,\"size_x\":3,\"size_y\":3,\"col\":5,\"row\":1},{\"id\":\"Number-of-processes\",\"type\":\"visualization\",\"panelIndex\":7,\"size_x\":3,\"size_y\":3,\"col\":9,\"row\":1}]", 
  "optionsJSON": "{\"darkTheme\":false}", 
  "version": 1, 
  "kibanaSavedObjectMeta": {
    "searchSourceJSON": "{\"filter\":[{\"query\":{\"query_string\":{\"analyze_wildcard\":true,\"query\":\"*\"}}}]}"
  }
}