{
  "visState": "{\"title\":\"Top processes by CPU usage\",\"type\":\"table\",\"params\":{\"perPage\":10,\"showPartialRows\":false,\"showMeticsAtAllLevels\":false,\"sort\":{\"columnIndex\":null,\"direction\":null},\"showTotal\":false,\"totalFunc\":\"sum\"},\"aggs\":[{\"id\":\"7\",\"enabled\":true,\"type\":\"avg\",\"schema\":\"metric\",\"params\":{\"field\":\"system.process.cpu.total.pct\",\"customLabel\":\"CPU (%)\"}},{\"id\":\"1\",\"enabled\":true,\"type\":\"avg\",\"schema\":\"metric\",\"params\":{\"field\":\"system.process.memory.rss.pct\",\"customLabel\":\"Resident Memory\"}},{\"id\":\"4\",\"enabled\":true,\"type\":\"terms\",\"schema\":\"bucket\",\"params\":{\"field\":\"system.process.name\",\"size\":50,\"order\":\"desc\",\"orderBy\":\"7\",\"customLabel\":\"Process\"}},{\"id\":\"8\",\"enabled\":true,\"type\":\"avg\",\"schema\":\"metric\",\"params\":{\"field\":\"system.process.memory.size\",\"customLabel\":\"Memory\"}},{\"id\":\"9\",\"enabled\":true,\"type\":\"avg\",\"schema\":\"metric\",\"params\":{\"field\":\"system.process.memory.share\",\"customLabel\":\"Shared Memory\"}}],\"listeners\":{}}", 
  "description": "", 
  "title": "Top processes by CPU usage", 
  "uiStateJSON": "{\"vis\":{\"params\":{\"sort\":{\"columnIndex\":null,\"direction\":null}}}}", 
  "version": 1, 
  "savedSearchId": "Process-stats", 
  "kibanaSavedObjectMeta": {
    "searchSourceJSON": "{\"filter\":[]}"
  }
}