{
  "mappings": {
    "_default_": {
      "_all": {
        "norms": {
          "enabled": false
        }
      },
      "_meta": {
        "version": "6.0.0-alpha1"
      },
      "dynamic_templates": [
        {
          "strings_as_keyword": {
            "mapping": {
              "ignore_above": 1024,
              "index": "not_analyzed",
              "type": "string"
            },
            "match_mapping_type": "string"
          }
        }
      ],
      "properties": {
        "@timestamp": {
          "type": "date"
        },
        "amqp": {
          "properties": {
            "app-id": {
              "ignore_above": 1024,
              "index": "not_analyzed",
              "type": "string"
            },
            "auto-delete": {
              "type": "boolean"
            },
            "class-id": {
              "type": "long"
            },
            "consumer-count": {
              "type": "long"
            },
            "consumer-tag": {
              "ignore_above": 1024,
              "index": "not_analyzed",
              "type": "string"
            },
            "content-encoding": {
              "ignore_above": 1024,
              "index": "not_analyzed",
              "type": "string"
            },
            "content-type": {
              "ignore_above": 1024,
              "index": "not_analyzed",
              "type": "string"
            },
            "correlation-id": {
              "ignore_above": 1024,
              "index": "not_analyzed",
              "type": "string"
            },
            "delivery-mode": {
              "ignore_above": 1024,
              "index": "not_analyzed",
              "type": "string"
            },
            "delivery-tag": {
              "type": "long"
            },
            "durable": {
              "type": "boolean"
            },
            "exchange": {
              "ignore_above": 1024,
              "index": "not_analyzed",
              "type": "string"
            },
            "exchange-type": {
              "ignore_above": 1024,
              "index": "not_analyzed",
              "type": "string"
            },
            "exclusive": {
              "type": "boolean"
            },
            "expiration": {
              "ignore_above": 1024,
              "index": "not_analyzed",
              "type": "string"
            },
            "if-empty": {
              "type": "boolean"
            },
            "if-unused": {
              "type": "boolean"
            },
            "immediate": {
              "type": "boolean"
            },
            "mandatory": {
              "type": "boolean"
            },
            "message-count": {
              "type": "long"
            },
            "message-id": {
              "ignore_above": 1024,
              "index": "not_analyzed",
              "type": "string"
            },
            "method-id": {
              "type": "long"
            },
            "multiple": {
              "type": "boolean"
            },
            "no-ack": {
              "type": "boolean"
            },
            "no-local": {
              "type": "boolean"
            },
            "no-wait": {
              "type": "boolean"
            },
            "passive": {
              "type": "boolean"
            },
            "priority": {
              "type": "long"
            },
            "queue": {
              "ignore_above": 1024,
              "index": "not_analyzed",
              "type": "string"
            },
            "redelivered": {
              "type": "boolean"
            },
            "reply-code": {
              "type": "long"
            },
            "reply-text": {
              "ignore_above": 1024,
              "index": "not_analyzed",
              "type": "string"
            },
            "reply-to": {
              "ignore_above": 1024,
              "index": "not_analyzed",
              "type": "string"
            },
            "routing-key": {
              "ignore_above": 1024,
              "index": "not_analyzed",
              "type": "string"
            },
            "timestamp": {
              "ignore_above": 1024,
              "index": "not_analyzed",
              "type": "string"
            },
            "type": {
              "ignore_above": 1024,
              "index": "not_analyzed",
              "type": "string"
            },
            "user-id": {
              "ignore_above": 1024,
              "index": "not_analyzed",
              "type": "string"
            }
          }
        },
        "beat": {
          "properties": {
            "hostname": {
              "ignore_above": 1024,
              "index": "not_analyzed",
              "type": "string"
            },
            "name": {
              "ignore_above": 1024,
              "index": "not_analyzed",
              "type": "string"
            }
          }
        },
        "bytes_in": {
          "type": "long"
        },
        "bytes_out": {
          "type": "long"
        },
        "cassandra": {
          "properties": {
            "request": {
              "properties": {
                "headers": {
                  "properties": {
                    "flags": {
                      "ignore_above": 1024,
                      "index": "not_analyzed",
                      "type": "string"
                    },
                    "length": {
                      "type": "long"
                    },
                    "op": {
                      "ignore_above": 1024,
                      "index": "not_analyzed",
                      "type": "string"
                    },
                    "stream": {
                      "ignore_above": 1024,
                      "index": "not_analyzed",
                      "type": "string"
                    },
                    "version": {
                      "type": "long"
                    }
                  }
                },
                "query": {
                  "ignore_above": 1024,
                  "index": "not_analyzed",
                  "type": "string"
                }
              }
            },
            "response": {
              "properties": {
                "authentication": {
                  "properties": {
                    "class": {
                      "ignore_above": 1024,
                      "index": "not_analyzed",
                      "type": "string"
                    }
                  }
                },
                "error": {
                  "properties": {
                    "code": {
                      "type": "long"
                    },
                    "details": {
                      "properties": {
                        "alive": {
                          "type": "long"
                        },
                        "arg_types": {
                          "ignore_above": 1024,
                          "index": "not_analyzed",
                          "type": "string"
                        },
                        "blockfor": {
                          "type": "long"
                        },
                        "data_present": {
                          "type": "boolean"
                        },
                        "function": {
                          "ignore_above": 1024,
                          "index": "not_analyzed",
                          "type": "string"
                        },
                        "keyspace": {
                          "ignore_above": 1024,
                          "index": "not_analyzed",
                          "type": "string"
                        },
                        "num_failures": {
                          "ignore_above": 1024,
                          "index": "not_analyzed",
                          "type": "string"
                        },
                        "read_consistency": {
                          "ignore_above": 1024,
                          "index": "not_analyzed",
                          "type": "string"
                        },
                        "received": {
                          "type": "long"
                        },
                        "required": {
                          "type": "long"
                        },
                        "stmt_id": {
                          "ignore_above": 1024,
                          "index": "not_analyzed",
                          "type": "string"
                        },
                        "table": {
                          "ignore_above": 1024,
                          "index": "not_analyzed",
                          "type": "string"
                        },
                        "write_type": {
                          "ignore_above": 1024,
                          "index": "not_analyzed",
                          "type": "string"
                        }
                      }
                    },
                    "msg": {
                      "ignore_above": 1024,
                      "index": "not_analyzed",
                      "type": "string"
                    },
                    "type": {
                      "ignore_above": 1024,
                      "index": "not_analyzed",
                      "type": "string"
                    }
                  }
                },
                "event": {
                  "properties": {
                    "change": {
                      "ignore_above": 1024,
                      "index": "not_analyzed",
                      "type": "string"
                    },
                    "host": {
                      "ignore_above": 1024,
                      "index": "not_analyzed",
                      "type": "string"
                    },
                    "schema_change": {
                      "properties": {
                        "args": {
                          "ignore_above": 1024,
                          "index": "not_analyzed",
                          "type": "string"
                        },
                        "change": {
                          "ignore_above": 1024,
                          "index": "not_analyzed",
                          "type": "string"
                        },
                        "keyspace": {
                          "ignore_above": 1024,
                          "index": "not_analyzed",
                          "type": "string"
                        },
                        "name": {
                          "ignore_above": 1024,
                          "index": "not_analyzed",
                          "type": "string"
                        },
                        "object": {
                          "ignore_above": 1024,
                          "index": "not_analyzed",
                          "type": "string"
                        },
                        "table": {
                          "ignore_above": 1024,
                          "index": "not_analyzed",
                          "type": "string"
                        },
                        "target": {
                          "ignore_above": 1024,
                          "index": "not_analyzed",
                          "type": "string"
                        }
                      }
                    },
                    "type": {
                      "ignore_above": 1024,
                      "index": "not_analyzed",
                      "type": "string"
                    }
                  }
                },
                "headers": {
                  "properties": {
                    "flags": {
                      "ignore_above": 1024,
                      "index": "not_analyzed",
                      "type": "string"
                    },
                    "length": {
                      "type": "long"
                    },
                    "op": {
                      "ignore_above": 1024,
                      "index": "not_analyzed",
                      "type": "string"
                    },
                    "stream": {
                      "ignore_above": 1024,
                      "index": "not_analyzed",
                      "type": "string"
                    },
                    "version": {
                      "type": "long"
                    }
                  }
                },
                "result": {
                  "properties": {
                    "keyspace": {
                      "ignore_above": 1024,
                      "index": "not_analyzed",
                      "type": "string"
                    },
                    "prepared": {
                      "properties": {
                        "prepared_id": {
                          "ignore_above": 1024,
                          "index": "not_analyzed",
                          "type": "string"
                        },
                        "req_meta": {
                          "properties": {
                            "col_count": {
                              "type": "long"
                            },
                            "flags": {
                              "ignore_above": 1024,
                              "index": "not_analyzed",
                              "type": "string"
                            },
                            "keyspace": {
                              "ignore_above": 1024,
                              "index": "not_analyzed",
                              "type": "string"
                            },
                            "paging_state": {
                              "ignore_above": 1024,
                              "index": "not_analyzed",
                              "type": "string"
                            },
                            "pkey_columns": {
                              "type": "long"
                            },
                            "table": {
                              "ignore_above": 1024,
                              "index": "not_analyzed",
                              "type": "string"
                            }
                          }
                        },
                        "resp_meta": {
                          "properties": {
                            "col_count": {
                              "type": "long"
                            },
                            "flags": {
                              "ignore_above": 1024,
                              "index": "not_analyzed",
                              "type": "string"
                            },
                            "keyspace": {
                              "ignore_above": 1024,
                              "index": "not_analyzed",
                              "type": "string"
                            },
                            "paging_state": {
                              "ignore_above": 1024,
                              "index": "not_analyzed",
                              "type": "string"
                            },
                            "pkey_columns": {
                              "type": "long"
                            },
                            "table": {
                              "ignore_above": 1024,
                              "index": "not_analyzed",
                              "type": "string"
                            }
                          }
                        }
                      }
                    },
                    "rows": {
                      "properties": {
                        "meta": {
                          "properties": {
                            "col_count": {
                              "type": "long"
                            },
                            "flags": {
                              "ignore_above": 1024,
                              "index": "not_analyzed",
                              "type": "string"
                            },
                            "keyspace": {
                              "ignore_above": 1024,
                              "index": "not_analyzed",
                              "type": "string"
                            },
                            "paging_state": {
                              "ignore_above": 1024,
                              "index": "not_analyzed",
                              "type": "string"
                            },
                            "pkey_columns": {
                              "type": "long"
                            },
                            "table": {
                              "ignore_above": 1024,
                              "index": "not_analyzed",
                              "type": "string"
                            }
                          }
                        },
                        "num_rows": {
                          "type": "long"
                        }
                      }
                    },
                    "schema_change": {
                      "properties": {
                        "args": {
                          "ignore_above": 1024,
                          "index": "not_analyzed",
                          "type": "string"
                        },
                        "change": {
                          "ignore_above": 1024,
                          "index": "not_analyzed",
                          "type": "string"
                        },
                        "keyspace": {
                          "ignore_above": 1024,
                          "index": "not_analyzed",
                          "type": "string"
                        },
                        "name": {
                          "ignore_above": 1024,
                          "index": "not_analyzed",
                          "type": "string"
                        },
                        "object": {
                          "ignore_above": 1024,
                          "index": "not_analyzed",
                          "type": "string"
                        },
                        "table": {
                          "ignore_above": 1024,
                          "index": "not_analyzed",
                          "type": "string"
                        },
                        "target": {
                          "ignore_above": 1024,
                          "index": "not_analyzed",
                          "type": "string"
                        }
                      }
                    },
                    "type": {
                      "ignore_above": 1024,
                      "index": "not_analyzed",
                      "type": "string"
                    }
                  }
                },
                "warnings": {
                  "ignore_above": 1024,
                  "index": "not_analyzed",
                  "type": "string"
                }
              }
            }
          }
        },
        "client_ip": {
          "ignore_above": 1024,
          "index": "not_analyzed",
          "type": "string"
        },
        "client_location": {
          "type": "geo_point"
        },
        "client_port": {
          "ignore_above": 1024,
          "index": "not_analyzed",
          "type": "string"
        },
        "client_proc": {
          "ignore_above": 1024,
          "index": "not_analyzed",
          "type": "string"
        },
        "client_server": {
          "ignore_above": 1024,
          "index": "not_analyzed",
          "type": "string"
        },
        "client_service": {
          "ignore_above": 1024,
          "index": "not_analyzed",
          "type": "string"
        },
        "connection_id": {
          "ignore_above": 1024,
          "index": "not_analyzed",
          "type": "string"
        },
        "connecttime": {
          "type": "long"
        },
        "cpu_time": {
          "type": "long"
        },
        "dest": {
          "properties": {
            "ip": {
              "ignore_above": 1024,
              "index": "not_analyzed",
              "type": "string"
            },
            "ip_location": {
              "type": "geo_point"
            },
            "ipv6": {
              "ignore_above": 1024,
              "index": "not_analyzed",
              "type": "string"
            },
            "ipv6_location": {
              "type": "geo_point"
            },
            "mac": {
              "ignore_above": 1024,
              "index": "not_analyzed",
              "type": "string"
            },
            "outer_ip": {
              "ignore_above": 1024,
              "index": "not_analyzed",
              "type": "string"
            },
            "outer_ip_location": {
              "type": "geo_point"
            },
            "outer_ipv6": {
              "ignore_above": 1024,
              "index": "not_analyzed",
              "type": "string"
            },
            "outer_ipv6_location": {
              "type": "geo_point"
            },
            "port": {
              "ignore_above": 1024,
              "index": "not_analyzed",
              "type": "string"
            },
            "stats": {
              "properties": {
                "net_bytes_total": {
                  "type": "long"
                },
                "net_packets_total": {
                  "type": "long"
                }
              }
            }
          }
        },
        "direction": {
          "ignore_above": 1024,
          "index": "not_analyzed",
          "type": "string"
        },
        "dns": {
          "properties": {
            "additionals": {
              "properties": {
                "class": {
                  "ignore_above": 1024,
                  "index": "not_analyzed",
                  "type": "string"
                },
                "data": {
                  "ignore_above": 1024,
                  "index": "not_analyzed",
                  "type": "string"
                },
                "name": {
                  "ignore_above": 1024,
                  "index": "not_analyzed",
                  "type": "string"
                },
                "ttl": {
                  "type": "long"
                },
                "type": {
                  "ignore_above": 1024,
                  "index": "not_analyzed",
                  "type": "string"
                }
              }
            },
            "additionals_count": {
              "type": "long"
            },
            "answers": {
              "properties": {
                "class": {
                  "ignore_above": 1024,
                  "index": "not_analyzed",
                  "type": "string"
                },
                "data": {
                  "ignore_above": 1024,
                  "index": "not_analyzed",
                  "type": "string"
                },
                "name": {
                  "ignore_above": 1024,
                  "index": "not_analyzed",
                  "type": "string"
                },
                "ttl": {
                  "type": "long"
                },
                "type": {
                  "ignore_above": 1024,
                  "index": "not_analyzed",
                  "type": "string"
                }
              }
            },
            "answers_count": {
              "type": "long"
            },
            "authorities": {
              "properties": {
                "class": {
                  "ignore_above": 1024,
                  "index": "not_analyzed",
                  "type": "string"
                },
                "name": {
                  "ignore_above": 1024,
                  "index": "not_analyzed",
                  "type": "string"
                },
                "type": {
                  "ignore_above": 1024,
                  "index": "not_analyzed",
                  "type": "string"
                }
              }
            },
            "authorities_count": {
              "type": "long"
            },
            "flags": {
              "properties": {
                "authentic_data": {
                  "type": "boolean"
                },
                "authoritative": {
                  "type": "boolean"
                },
                "checking_disabled": {
                  "type": "boolean"
                },
                "recursion_available": {
                  "type": "boolean"
                },
                "recursion_desired": {
                  "type": "boolean"
                },
                "truncated_response": {
                  "type": "boolean"
                }
              }
            },
            "id": {
              "type": "long"
            },
            "op_code": {
              "ignore_above": 1024,
              "index": "not_analyzed",
              "type": "string"
            },
            "opt": {
              "properties": {
                "do": {
                  "type": "boolean"
                },
                "ext_rcode": {
                  "ignore_above": 1024,
                  "index": "not_analyzed",
                  "type": "string"
                },
                "udp_size": {
                  "type": "long"
                },
                "version": {
                  "ignore_above": 1024,
                  "index": "not_analyzed",
                  "type": "string"
                }
              }
            },
            "question": {
              "properties": {
                "class": {
                  "ignore_above": 1024,
                  "index": "not_analyzed",
                  "type": "string"
                },
                "etld_plus_one": {
                  "ignore_above": 1024,
                  "index": "not_analyzed",
                  "type": "string"
                },
                "name": {
                  "ignore_above": 1024,
                  "index": "not_analyzed",
                  "type": "string"
                },
                "type": {
                  "ignore_above": 1024,
                  "index": "not_analyzed",
                  "type": "string"
                }
              }
            },
            "response_code": {
              "ignore_above": 1024,
              "index": "not_analyzed",
              "type": "string"
            }
          }
        },
        "dnstime": {
          "type": "long"
        },
        "domloadtime": {
          "type": "long"
        },
        "final": {
          "ignore_above": 1024,
          "index": "not_analyzed",
          "type": "string"
        },
        "flow_id": {
          "ignore_above": 1024,
          "index": "not_analyzed",
          "type": "string"
        },
        "http": {
          "properties": {
            "request": {
              "properties": {
                "body": {
                  "index": "analyzed",
                  "norms": {
                    "enabled": false
                  },
                  "type": "string"
                },
                "params": {
                  "ignore_above": 1024,
                  "index": "not_analyzed",
                  "type": "string"
                }
              }
            },
            "response": {
              "properties": {
                "body": {
                  "ignore_above": 1024,
                  "index": "not_analyzed",
                  "type": "string"
                },
                "code": {
                  "ignore_above": 1024,
                  "index": "not_analyzed",
                  "type": "string"
                },
                "phrase": {
                  "ignore_above": 1024,
                  "index": "not_analyzed",
                  "type": "string"
                }
              }
            }
          }
        },
        "icmp": {
          "properties": {
            "request": {
              "properties": {
                "code": {
                  "type": "long"
                },
                "message": {
                  "ignore_above": 1024,
                  "index": "not_analyzed",
                  "type": "string"
                },
                "type": {
                  "type": "long"
                }
              }
            },
            "response": {
              "properties": {
                "code": {
                  "type": "long"
                },
                "message": {
                  "ignore_above": 1024,
                  "index": "not_analyzed",
                  "type": "string"
                },
                "type": {
                  "type": "long"
                }
              }
            },
            "version": {
              "ignore_above": 1024,
              "index": "not_analyzed",
              "type": "string"
            }
          }
        },
        "icmp_id": {
          "ignore_above": 1024,
          "index": "not_analyzed",
          "type": "string"
        },
        "ip": {
          "ignore_above": 1024,
          "index": "not_analyzed",
          "type": "string"
        },
        "last_time": {
          "type": "date"
        },
        "loadtime": {
          "type": "long"
        },
        "memcache": {
          "properties": {
            "protocol_type": {
              "ignore_above": 1024,
              "index": "not_analyzed",
              "type": "string"
            },
            "request": {
              "properties": {
                "automove": {
                  "ignore_above": 1024,
                  "index": "not_analyzed",
                  "type": "string"
                },
                "bytes": {
                  "type": "long"
                },
                "cas_unique": {
                  "type": "long"
                },
                "command": {
                  "ignore_above": 1024,
                  "index": "not_analyzed",
                  "type": "string"
                },
                "count_values": {
                  "type": "long"
                },
                "delta": {
                  "type": "long"
                },
                "dest_class": {
                  "type": "long"
                },
                "exptime": {
                  "type": "long"
                },
                "flags": {
                  "type": "long"
                },
                "initial": {
                  "type": "long"
                },
                "line": {
                  "ignore_above": 1024,
                  "index": "not_analyzed",
                  "type": "string"
                },
                "noreply": {
                  "type": "boolean"
                },
                "opaque": {
                  "type": "long"
                },
                "opcode": {
                  "ignore_above": 1024,
                  "index": "not_analyzed",
                  "type": "string"
                },
                "opcode_value": {
                  "type": "long"
                },
                "quiet": {
                  "type": "boolean"
                },
                "raw_args": {
                  "ignore_above": 1024,
                  "index": "not_analyzed",
                  "type": "string"
                },
                "sleep_us": {
                  "type": "long"
                },
                "source_class": {
                  "type": "long"
                },
                "type": {
                  "ignore_above": 1024,
                  "index": "not_analyzed",
                  "type": "string"
                },
                "vbucket": {
                  "type": "long"
                },
                "verbosity": {
                  "type": "long"
                }
              }
            },
            "response": {
              "properties": {
                "bytes": {
                  "type": "long"
                },
                "cas_unique": {
                  "type": "long"
                },
                "command": {
                  "ignore_above": 1024,
                  "index": "not_analyzed",
                  "type": "string"
                },
                "count_values": {
                  "type": "long"
                },
                "error_msg": {
                  "ignore_above": 1024,
                  "index": "not_analyzed",
                  "type": "string"
                },
                "flags": {
                  "type": "long"
                },
                "opaque": {
                  "type": "long"
                },
                "opcode": {
                  "ignore_above": 1024,
                  "index": "not_analyzed",
                  "type": "string"
                },
                "opcode_value": {
                  "type": "long"
                },
                "status": {
                  "ignore_above": 1024,
                  "index": "not_analyzed",
                  "type": "string"
                },
                "status_code": {
                  "type": "long"
                },
                "type": {
                  "ignore_above": 1024,
                  "index": "not_analyzed",
                  "type": "string"
                },
                "value": {
                  "type": "long"
                },
                "version": {
                  "ignore_above": 1024,
                  "index": "not_analyzed",
                  "type": "string"
                }
              }
            }
          }
        },
        "method": {
          "ignore_above": 1024,
          "index": "not_analyzed",
          "type": "string"
        },
        "mongodb": {
          "properties": {
            "cursorId": {
              "ignore_above": 1024,
              "index": "not_analyzed",
              "type": "string"
            },
            "error": {
              "ignore_above": 1024,
              "index": "not_analyzed",
              "type": "string"
            },
            "fullCollectionName": {
              "ignore_above": 1024,
              "index": "not_analyzed",
              "type": "string"
            },
            "numberReturned": {
              "type": "long"
            },
            "numberToReturn": {
              "type": "long"
            },
            "numberToSkip": {
              "type": "long"
            },
            "query": {
              "ignore_above": 1024,
              "index": "not_analyzed",
              "type": "string"
            },
            "returnFieldsSelector": {
              "ignore_above": 1024,
              "index": "not_analyzed",
              "type": "string"
            },
            "selector": {
              "ignore_above": 1024,
              "index": "not_analyzed",
              "type": "string"
            },
            "startingFrom": {
              "ignore_above": 1024,
              "index": "not_analyzed",
              "type": "string"
            },
            "update": {
              "ignore_above": 1024,
              "index": "not_analyzed",
              "type": "string"
            }
          }
        },
        "mysql": {
          "properties": {
            "affected_rows": {
              "type": "long"
            },
            "error_code": {
              "type": "long"
            },
            "error_message": {
              "ignore_above": 1024,
              "index": "not_analyzed",
              "type": "string"
            },
            "insert_id": {
              "ignore_above": 1024,
              "index": "not_analyzed",
              "type": "string"
            },
            "iserror": {
              "type": "boolean"
            },
            "num_fields": {
              "ignore_above": 1024,
              "index": "not_analyzed",
              "type": "string"
            },
            "num_rows": {
              "ignore_above": 1024,
              "index": "not_analyzed",
              "type": "string"
            },
            "query": {
              "ignore_above": 1024,
              "index": "not_analyzed",
              "type": "string"
            }
          }
        },
        "nfs": {
          "properties": {
            "minor_version": {
              "type": "long"
            },
            "opcode": {
              "ignore_above": 1024,
              "index": "not_analyzed",
              "type": "string"
            },
            "status": {
              "ignore_above": 1024,
              "index": "not_analyzed",
              "type": "string"
            },
            "tag": {
              "ignore_above": 1024,
              "index": "not_analyzed",
              "type": "string"
            },
            "version": {
              "type": "long"
            }
          }
        },
        "notes": {
          "ignore_above": 1024,
          "index": "not_analyzed",
          "type": "string"
        },
        "outer_vlan": {
          "ignore_above": 1024,
          "index": "not_analyzed",
          "type": "string"
        },
        "params": {
          "index": "analyzed",
          "norms": {
            "enabled": false
          },
          "type": "string"
        },
        "path": {
          "ignore_above": 1024,
          "index": "not_analyzed",
          "type": "string"
        },
        "pgsql": {
          "properties": {
            "error_code": {
              "type": "long"
            },
            "error_message": {
              "ignore_above": 1024,
              "index": "not_analyzed",
              "type": "string"
            },
            "error_severity": {
              "ignore_above": 1024,
              "index": "not_analyzed",
              "type": "string"
            },
            "iserror": {
              "type": "boolean"
            },
            "num_fields": {
              "ignore_above": 1024,
              "index": "not_analyzed",
              "type": "string"
            },
            "num_rows": {
              "ignore_above": 1024,
              "index": "not_analyzed",
              "type": "string"
            },
            "query": {
              "ignore_above": 1024,
              "index": "not_analyzed",
              "type": "string"
            }
          }
        },
        "port": {
          "ignore_above": 1024,
          "index": "not_analyzed",
          "type": "string"
        },
        "proc": {
          "ignore_above": 1024,
          "index": "not_analyzed",
          "type": "string"
        },
        "query": {
          "ignore_above": 1024,
          "index": "not_analyzed",
          "type": "string"
        },
        "real_ip": {
          "ignore_above": 1024,
          "index": "not_analyzed",
          "type": "string"
        },
        "redis": {
          "properties": {
            "error": {
              "ignore_above": 1024,
              "index": "not_analyzed",
              "type": "string"
            },
            "return_value": {
              "ignore_above": 1024,
              "index": "not_analyzed",
              "type": "string"
            }
          }
        },
        "release": {
          "ignore_above": 1024,
          "index": "not_analyzed",
          "type": "string"
        },
        "request": {
          "index": "analyzed",
          "norms": {
            "enabled": false
          },
          "type": "string"
        },
        "resource": {
          "ignore_above": 1024,
          "index": "not_analyzed",
          "type": "string"
        },
        "response": {
          "index": "analyzed",
          "norms": {
            "enabled": false
          },
          "type": "string"
        },
        "responsetime": {
          "type": "long"
        },
        "rpc": {
          "properties": {
            "auth_flavor": {
              "ignore_above": 1024,
              "index": "not_analyzed",
              "type": "string"
            },
            "call_size": {
              "type": "long"
            },
            "cred": {
              "properties": {
                "gid": {
                  "type": "long"
                },
                "gids": {
                  "ignore_above": 1024,
                  "index": "not_analyzed",
                  "type": "string"
                },
                "machinename": {
                  "ignore_above": 1024,
                  "index": "not_analyzed",
                  "type": "string"
                },
                "stamp": {
                  "type": "long"
                },
                "uid": {
                  "type": "long"
                }
              }
            },
            "reply_size": {
              "type": "long"
            },
            "status": {
              "ignore_above": 1024,
              "index": "not_analyzed",
              "type": "string"
            },
            "time": {
              "type": "long"
            },
            "time_str": {
              "ignore_above": 1024,
              "index": "not_analyzed",
              "type": "string"
            },
            "xid": {
              "ignore_above": 1024,
              "index": "not_analyzed",
              "type": "string"
            }
          }
        },
        "server": {
          "ignore_above": 1024,
          "index": "not_analyzed",
          "type": "string"
        },
        "service": {
          "ignore_above": 1024,
          "index": "not_analyzed",
          "type": "string"
        },
        "source": {
          "properties": {
            "ip": {
              "ignore_above": 1024,
              "index": "not_analyzed",
              "type": "string"
            },
            "ip_location": {
              "type": "geo_point"
            },
            "ipv6": {
              "ignore_above": 1024,
              "index": "not_analyzed",
              "type": "string"
            },
            "ipv6_location": {
              "type": "geo_point"
            },
            "mac": {
              "ignore_above": 1024,
              "index": "not_analyzed",
              "type": "string"
            },
            "outer_ip": {
              "ignore_above": 1024,
              "index": "not_analyzed",
              "type": "string"
            },
            "outer_ip_location": {
              "type": "geo_point"
            },
            "outer_ipv6": {
              "ignore_above": 1024,
              "index": "not_analyzed",
              "type": "string"
            },
            "outer_ipv6_location": {
              "type": "geo_point"
            },
            "port": {
              "ignore_above": 1024,
              "index": "not_analyzed",
              "type": "string"
            },
            "stats": {
              "properties": {
                "net_bytes_total": {
                  "type": "long"
                },
                "net_packets_total": {
                  "type": "long"
                }
              }
            }
          }
        },
        "start_time": {
          "type": "date"
        },
        "status": {
          "ignore_above": 1024,
          "index": "not_analyzed",
          "type": "string"
        },
        "tags": {
          "ignore_above": 1024,
          "index": "not_analyzed",
          "type": "string"
        },
        "thrift": {
          "properties": {
            "exceptions": {
              "ignore_above": 1024,
              "index": "not_analyzed",
              "type": "string"
            },
            "params": {
              "ignore_above": 1024,
              "index": "not_analyzed",
              "type": "string"
            },
            "return_value": {
              "ignore_above": 1024,
              "index": "not_analyzed",
              "type": "string"
            },
            "service": {
              "ignore_above": 1024,
              "index": "not_analyzed",
              "type": "string"
            }
          }
        },
        "transport": {
          "ignore_above": 1024,
          "index": "not_analyzed",
          "type": "string"
        },
        "type": {
          "ignore_above": 1024,
          "index": "not_analyzed",
          "type": "string"
        },
        "vlan": {
          "ignore_above": 1024,
          "index": "not_analyzed",
          "type": "string"
        }
      }
    }
  },
  "order": 0,
  "settings": {
    "index.refresh_interval": "5s"
  },
  "template": "packetbeat-*"
}