{
  "fields": "[{\"count\": 0, \"name\": \"beat.name\", \"analyzed\": false, \"indexed\": true, \"doc_values\": true, \"type\": \"string\", \"scripted\": false}, {\"count\": 0, \"name\": \"beat.hostname\", \"analyzed\": false, \"indexed\": true, \"doc_values\": true, \"type\": \"string\", \"scripted\": false}, {\"count\": 0, \"name\": \"@timestamp\", \"analyzed\": false, \"indexed\": true, \"doc_values\": true, \"type\": \"date\", \"scripted\": false}, {\"count\": 0, \"name\": \"tags\", \"analyzed\": false, \"indexed\": true, \"doc_values\": true, \"type\": \"string\", \"scripted\": false}, {\"count\": 0, \"name\": \"fields\", \"analyzed\": false, \"indexed\": true, \"doc_values\": true, \"scripted\": false}, {\"count\": 0, \"name\": \"type\", \"analyzed\": false, \"indexed\": true, \"doc_values\": true, \"type\": \"string\", \"scripted\": false}, {\"count\": 0, \"name\": \"activity_id\", \"analyzed\": false, \"indexed\": true, \"doc_values\": true, \"type\": \"string\", \"scripted\": false}, {\"count\": 0, \"name\": \"computer_name\", \"analyzed\": false, \"indexed\": true, \"doc_values\": true, \"type\": \"string\", \"scripted\": false}, {\"count\": 0, \"name\": \"event_data\", \"analyzed\": false, \"indexed\": true, \"doc_values\": true, \"scripted\": false}, {\"count\": 0, \"name\": \"event_id\", \"analyzed\": false, \"indexed\": true, \"doc_values\": true, \"type\": \"number\", \"scripted\": false}, {\"count\": 0, \"name\": \"keywords\", \"analyzed\": false, \"indexed\": true, \"doc_values\": true, \"type\": \"string\", \"scripted\": false}, {\"count\": 0, \"name\": \"log_name\", \"analyzed\": false, \"indexed\": true, \"doc_values\": true, \"type\": \"string\", \"scripted\": false}, {\"count\": 0, \"name\": \"level\", \"analyzed\": false, \"indexed\": true, \"doc_values\": true, \"type\": \"string\", \"scripted\": false}, {\"count\": 0, \"name\": \"message\", \"analyzed\": false, \"indexed\": true, \"doc_values\": true, \"type\": \"string\", \"scripted\": false}, {\"count\": 0, \"name\": \"message_error\", \"analyzed\": false, \"indexed\": true, \"doc_values\": true, \"type\": \"string\", \"scripted\": false}, {\"count\": 0, \"name\": \"record_number\", \"analyzed\": false, \"indexed\": true, \"doc_values\": true, \"type\": \"string\", \"scripted\": false}, {\"count\": 0, \"name\": \"related_activity_id\", \"analyzed\": false, \"indexed\": true, \"doc_values\": true, \"type\": \"string\", \"scripted\": false}, {\"count\": 0, \"name\": \"opcode\", \"analyzed\": false, \"indexed\": true, \"doc_values\": true, \"type\": \"string\", \"scripted\": false}, {\"count\": 0, \"name\": \"provider_guid\", \"analyzed\": false, \"indexed\": true, \"doc_values\": true, \"type\": \"string\", \"scripted\": false}, {\"count\": 0, \"name\": \"process_id\", \"analyzed\": false, \"indexed\": true, \"doc_values\": true, \"type\": \"number\", \"scripted\": false}, {\"count\": 0, \"name\": \"source_name\", \"analyzed\": false, \"indexed\": true, \"doc_values\": true, \"type\": \"string\", \"scripted\": false}, {\"count\": 0, \"name\": \"task\", \"analyzed\": false, \"indexed\": true, \"doc_values\": true, \"type\": \"string\", \"scripted\": false}, {\"count\": 0, \"name\": \"thread_id\", \"analyzed\": false, \"indexed\": true, \"doc_values\": true, \"type\": \"number\", \"scripted\": false}, {\"count\": 0, \"name\": \"user_data\", \"analyzed\": false, \"indexed\": true, \"doc_values\": true, \"scripted\": false}, {\"count\": 0, \"name\": \"user.identifier\", \"analyzed\": false, \"indexed\": true, \"doc_values\": true, \"type\": \"string\", \"scripted\": false}, {\"count\": 0, \"name\": \"user.name\", \"analyzed\": false, \"indexed\": true, \"doc_values\": true, \"type\": \"string\", \"scripted\": false}, {\"count\": 0, \"name\": \"user.domain\", \"analyzed\": false, \"indexed\": true, \"doc_values\": true, \"type\": \"string\", \"scripted\": false}, {\"count\": 0, \"name\": \"user.type\", \"analyzed\": false, \"indexed\": true, \"doc_values\": true, \"type\": \"string\", \"scripted\": false}, {\"count\": 0, \"name\": \"version\", \"analyzed\": false, \"indexed\": true, \"doc_values\": true, \"type\": \"number\", \"scripted\": false}, {\"count\": 0, \"name\": \"xml\", \"analyzed\": false, \"indexed\": true, \"doc_values\": true, \"type\": \"string\", \"scripted\": false}]", 
  "fieldFormatMap": "{\"@timestamp\": {\"id\": \"date\"}}", 
  "timeFieldName": "@timestamp", 
  "title": "winlogbeat-*"
}