{
  "fields": "[{\"count\": 0, \"name\": \"beat.name\", \"analyzed\": false, \"indexed\": true, \"doc_values\": true, \"type\": \"string\", \"scripted\": false}, {\"count\": 0, \"name\": \"beat.hostname\", \"analyzed\": false, \"indexed\": true, \"doc_values\": true, \"type\": \"string\", \"scripted\": false}, {\"count\": 0, \"name\": \"@timestamp\", \"analyzed\": false, \"indexed\": true, \"doc_values\": true, \"type\": \"date\", \"scripted\": false}, {\"count\": 0, \"name\": \"tags\", \"analyzed\": false, \"indexed\": true, \"doc_values\": true, \"type\": \"string\", \"scripted\": false}, {\"count\": 0, \"name\": \"fields\", \"analyzed\": false, \"indexed\": true, \"doc_values\": true, \"scripted\": false}, {\"count\": 0, \"name\": \"source\", \"analyzed\": false, \"indexed\": true, \"doc_values\": true, \"type\": \"string\", \"scripted\": false}, {\"count\": 0, \"name\": \"offset\", \"analyzed\": false, \"indexed\": true, \"doc_values\": true, \"type\": \"number\", \"scripted\": false}, {\"count\": 0, \"name\": \"message\", \"analyzed\": false, \"indexed\": true, \"doc_values\": true, \"type\": \"string\", \"scripted\": false}, {\"count\": 0, \"name\": \"type\", \"analyzed\": false, \"indexed\": true, \"doc_values\": true, \"type\": \"string\", \"scripted\": false}, {\"count\": 0, \"name\": \"input_type\", \"analyzed\": false, \"indexed\": true, \"doc_values\": true, \"type\": \"string\", \"scripted\": false}]", 
  "fieldFormatMap": "{\"@timestamp\": {\"id\": \"date\"}}", 
  "timeFieldName": "@timestamp", 
  "title": "filebeat-*"
}