{
  "fields": "[{\"count\": 0, \"name\": \"beat.name\", \"analyzed\": false, \"indexed\": true, \"doc_values\": true, \"type\": \"string\", \"scripted\": false}, {\"count\": 0, \"name\": \"beat.hostname\", \"analyzed\": false, \"indexed\": true, \"doc_values\": true, \"type\": \"string\", \"scripted\": false}, {\"count\": 0, \"name\": \"@timestamp\", \"analyzed\": false, \"indexed\": true, \"doc_values\": true, \"type\": \"date\", \"scripted\": false}, {\"count\": 0, \"name\": \"tags\", \"analyzed\": false, \"indexed\": true, \"doc_values\": true, \"type\": \"string\", \"scripted\": false}, {\"count\": 0, \"name\": \"fields\", \"analyzed\": false, \"indexed\": true, \"doc_values\": true, \"scripted\": false}, {\"count\": 0, \"name\": \"server\", \"analyzed\": false, \"indexed\": true, \"doc_values\": true, \"type\": \"string\", \"scripted\": false}, {\"count\": 0, \"name\": \"client_server\", \"analyzed\": false, \"indexed\": true, \"doc_values\": true, \"type\": \"string\", \"scripted\": false}, {\"count\": 0, \"name\": \"service\", \"analyzed\": false, \"indexed\": true, \"doc_values\": true, \"type\": \"string\", \"scripted\": false}, {\"count\": 0, \"name\": \"client_service\", \"analyzed\": false, \"indexed\": true, \"doc_values\": true, \"type\": \"string\", \"scripted\": false}, {\"count\": 0, \"name\": \"ip\", \"analyzed\": false, \"indexed\": true, \"doc_values\": true, \"type\": \"string\", \"scripted\": false}, {\"count\": 0, \"name\": \"client_ip\", \"analyzed\": false, \"indexed\": true, \"doc_values\": true, \"type\": \"string\", \"scripted\": false}, {\"count\": 0, \"name\": \"real_ip\", \"analyzed\": false, \"indexed\": true, \"doc_values\": true, \"type\": \"string\", \"scripted\": false}, {\"count\": 0, \"name\": \"client_location\", \"analyzed\": false, \"indexed\": true, \"doc_values\": true, \"scripted\": false}, {\"count\": 0, \"name\": \"client_port\", \"analyzed\": false, \"indexed\": true, \"doc_values\": true, \"type\": \"string\", \"scripted\": false}, {\"count\": 0, \"name\": \"transport\", \"analyzed\": false, \"indexed\": true, \"doc_values\": true, \"type\": \"string\", \"scripted\": false}, {\"count\": 0, \"name\": \"port\", \"analyzed\": false, \"indexed\": true, \"doc_values\": true, \"type\": \"string\", \"scripted\": false}, {\"count\": 0, \"name\": \"proc\", \"analyzed\": false, \"indexed\": true, \"doc_values\": true, \"type\": \"string\", \"scripted\": false}, {\"count\": 0, \"name\": \"client_proc\", \"analyzed\": false, \"indexed\": true, \"doc_values\": true, \"type\": \"string\", \"scripted\": false}, {\"count\": 0, \"name\": \"release\", \"analyzed\": false, \"indexed\": true, \"doc_values\": true, \"type\": \"string\", \"scripted\": false}, {\"count\": 0, \"name\": \"@timestamp\", \"analyzed\": false, \"indexed\": true, \"doc_values\": true, \"type\": \"date\", \"scripted\": false}, {\"count\": 0, \"name\": \"start_time\", \"analyzed\": false, \"indexed\": true, \"doc_values\": true, \"type\": \"date\", \"scripted\": false}, {\"count\": 0, \"name\": \"last_time\", \"analyzed\": false, \"indexed\": true, \"doc_values\": true, \"type\": \"date\", \"scripted\": false}, {\"count\": 0, \"name\": \"type\", \"analyzed\": false, \"indexed\": true, \"doc_values\": true, \"type\": \"string\", \"scripted\": false}, {\"count\": 0, \"name\": \"final\", \"analyzed\": false, \"indexed\": true, \"doc_values\": true, \"type\": \"string\", \"scripted\": false}, {\"count\": 0, \"name\": \"flow_id\", \"analyzed\": false, \"indexed\": true, \"doc_values\": true, \"type\": \"string\", \"scripted\": false}, {\"count\": 0, \"name\": \"vlan\", \"analyzed\": false, \"indexed\": true, \"doc_values\": true, \"type\": \"string\", \"scripted\": false}, {\"count\": 0, \"name\": \"outer_vlan\", \"analyzed\": false, \"indexed\": true, \"doc_values\": true, \"type\": \"string\", \"scripted\": false}, {\"count\": 0, \"name\": \"source.mac\", \"analyzed\": false, \"indexed\": true, \"doc_values\": true, \"type\": \"string\", \"scripted\": false}, {\"count\": 0, \"name\": \"source.ip\", \"analyzed\": false, \"indexed\": true, \"doc_values\": true, \"type\": \"string\", \"scripted\": false}, {\"count\": 0, \"name\": \"source.ip_location\", \"analyzed\": false, \"indexed\": true, \"doc_values\": true, \"scripted\": false}, {\"count\": 0, \"name\": \"source.outer_ip\", \"analyzed\": false, \"indexed\": true, \"doc_values\": true, \"type\": \"string\", \"scripted\": false}, {\"count\": 0, \"name\": \"source.outer_ip_location\", \"analyzed\": false, \"indexed\": true, \"doc_values\": true, \"scripted\": false}, {\"count\": 0, \"name\": \"source.ipv6\", \"analyzed\": false, \"indexed\": true, \"doc_values\": true, \"type\": \"string\", \"scripted\": false}, {\"count\": 0, \"name\": \"source.ipv6_location\", \"analyzed\": false, \"indexed\": true, \"doc_values\": true, \"scripted\": false}, {\"count\": 0, \"name\": \"source.outer_ipv6\", \"analyzed\": false, \"indexed\": true, \"doc_values\": true, \"type\": \"string\", \"scripted\": false}, {\"count\": 0, \"name\": \"source.outer_ipv6_location\", \"analyzed\": false, \"indexed\": true, \"doc_values\": true, \"scripted\": false}, {\"count\": 0, \"name\": \"source.port\", \"analyzed\": false, \"indexed\": true, \"doc_values\": true, \"type\": \"string\", \"scripted\": false}, {\"count\": 0, \"name\": \"source.stats.net_packets_total\", \"analyzed\": false, \"indexed\": true, \"doc_values\": true, \"type\": \"number\", \"scripted\": false}, {\"count\": 0, \"name\": \"source.stats.net_bytes_total\", \"analyzed\": false, \"indexed\": true, \"doc_values\": true, \"type\": \"number\", \"scripted\": false}, {\"count\": 0, \"name\": \"dest.mac\", \"analyzed\": false, \"indexed\": true, \"doc_values\": true, \"type\": \"string\", \"scripted\": false}, {\"count\": 0, \"name\": \"dest.ip\", \"analyzed\": false, \"indexed\": true, \"doc_values\": true, \"type\": \"string\", \"scripted\": false}, {\"count\": 0, \"name\": \"dest.ip_location\", \"analyzed\": false, \"indexed\": true, \"doc_values\": true, \"scripted\": false}, {\"count\": 0, \"name\": \"dest.outer_ip\", \"analyzed\": false, \"indexed\": true, \"doc_values\": true, \"type\": \"string\", \"scripted\": false}, {\"count\": 0, \"name\": \"dest.outer_ip_location\", \"analyzed\": false, \"indexed\": true, \"doc_values\": true, \"scripted\": false}, {\"count\": 0, \"name\": \"dest.ipv6\", \"analyzed\": false, \"indexed\": true, \"doc_values\": true, \"type\": \"string\", \"scripted\": false}, {\"count\": 0, \"name\": \"dest.ipv6_location\", \"analyzed\": false, \"indexed\": true, \"doc_values\": true, \"scripted\": false}, {\"count\": 0, \"name\": \"dest.outer_ipv6\", \"analyzed\": false, \"indexed\": true, \"doc_values\": true, \"type\": \"string\", \"scripted\": false}, {\"count\": 0, \"name\": \"dest.outer_ipv6_location\", \"analyzed\": false, \"indexed\": true, \"doc_values\": true, \"scripted\": false}, {\"count\": 0, \"name\": \"dest.port\", \"analyzed\": false, \"indexed\": true, \"doc_values\": true, \"type\": \"string\", \"scripted\": false}, {\"count\": 0, \"name\": \"dest.stats.net_packets_total\", \"analyzed\": false, \"indexed\": true, \"doc_values\": true, \"type\": \"number\", \"scripted\": false}, {\"count\": 0, \"name\": \"dest.stats.net_bytes_total\", \"analyzed\": false, \"indexed\": true, \"doc_values\": true, \"type\": \"number\", \"scripted\": false}, {\"count\": 0, \"name\": \"icmp_id\", \"analyzed\": false, \"indexed\": true, \"doc_values\": true, \"type\": \"string\", \"scripted\": false}, {\"count\": 0, \"name\": \"transport\", \"analyzed\": false, \"indexed\": true, \"doc_values\": true, \"type\": \"string\", \"scripted\": false}, {\"count\": 0, \"name\": \"connection_id\", \"analyzed\": false, \"indexed\": true, \"doc_values\": true, \"type\": \"string\", \"scripted\": false}, {\"count\": 0, \"name\": \"@timestamp\", \"analyzed\": false, \"indexed\": true, \"doc_values\": true, \"type\": \"date\", \"scripted\": false}, {\"count\": 0, \"name\": \"type\", \"analyzed\": false, \"indexed\": true, \"doc_values\": true, \"type\": \"string\", \"scripted\": false}, {\"count\": 0, \"name\": \"direction\", \"analyzed\": false, \"indexed\": true, \"doc_values\": true, \"type\": \"string\", \"scripted\": false}, {\"count\": 0, \"name\": \"status\", \"analyzed\": false, \"indexed\": true, \"doc_values\": true, \"type\": \"string\", \"scripted\": false}, {\"count\": 0, \"name\": \"method\", \"analyzed\": false, \"indexed\": true, \"doc_values\": true, \"type\": \"string\", \"scripted\": false}, {\"count\": 0, \"name\": \"resource\", \"analyzed\": false, \"indexed\": true, \"doc_values\": true, \"type\": \"string\", \"scripted\": false}, {\"count\": 0, \"name\": \"path\", \"analyzed\": false, \"indexed\": true, \"doc_values\": true, \"type\": \"string\", \"scripted\": false}, {\"count\": 0, \"name\": \"query\", \"analyzed\": false, \"indexed\": true, \"doc_values\": true, \"type\": \"string\", \"scripted\": false}, {\"count\": 0, \"name\": \"params\", \"analyzed\": false, \"indexed\": true, \"doc_values\": true, \"type\": \"string\", \"scripted\": false}, {\"count\": 0, \"name\": \"notes\", \"analyzed\": false, \"indexed\": true, \"doc_values\": true, \"type\": \"string\", \"scripted\": false}, {\"count\": 0, \"name\": \"icmp.version\", \"analyzed\": false, \"indexed\": true, \"doc_values\": true, \"type\": \"string\", \"scripted\": false}, {\"count\": 0, \"name\": \"icmp.request.message\", \"analyzed\": false, \"indexed\": true, \"doc_values\": true, \"type\": \"string\", \"scripted\": false}, {\"count\": 0, \"name\": \"icmp.request.type\", \"analyzed\": false, \"indexed\": true, \"doc_values\": true, \"type\": \"number\", \"scripted\": false}, {\"count\": 0, \"name\": \"icmp.request.code\", \"analyzed\": false, \"indexed\": true, \"doc_values\": true, \"type\": \"number\", \"scripted\": false}, {\"count\": 0, \"name\": \"icmp.response.message\", \"analyzed\": false, \"indexed\": true, \"doc_values\": true, \"type\": \"string\", \"scripted\": false}, {\"count\": 0, \"name\": \"icmp.response.type\", \"analyzed\": false, \"indexed\": true, \"doc_values\": true, \"type\": \"number\", \"scripted\": false}, {\"count\": 0, \"name\": \"icmp.response.code\", \"analyzed\": false, \"indexed\": true, \"doc_values\": true, \"type\": \"number\", \"scripted\": false}, {\"count\": 0, \"name\": \"dns.id\", \"analyzed\": false, \"indexed\": true, \"doc_values\": true, \"type\": \"number\", \"scripted\": false}, {\"count\": 0, \"name\": \"dns.op_code\", \"analyzed\": false, \"indexed\": true, \"doc_values\": true, \"type\": \"string\", \"scripted\": false}, {\"count\": 0, \"name\": \"dns.flags.authoritative\", \"analyzed\": false, \"indexed\": true, \"doc_values\": true, \"scripted\": false}, {\"count\": 0, \"name\": \"dns.flags.recursion_available\", \"analyzed\": false, \"indexed\": true, \"doc_values\": true, \"scripted\": false}, {\"count\": 0, \"name\": \"dns.flags.recursion_desired\", \"analyzed\": false, \"indexed\": true, \"doc_values\": true, \"scripted\": false}, {\"count\": 0, \"name\": \"dns.flags.authentic_data\", \"analyzed\": false, \"indexed\": true, \"doc_values\": true, \"scripted\": false}, {\"count\": 0, \"name\": \"dns.flags.checking_disabled\", \"analyzed\": false, \"indexed\": true, \"doc_values\": true, \"scripted\": false}, {\"count\": 0, \"name\": \"dns.flags.truncated_response\", \"analyzed\": false, \"indexed\": true, \"doc_values\": true, \"scripted\": false}, {\"count\": 0, \"name\": \"dns.response_code\", \"analyzed\": false, \"indexed\": true, \"doc_values\": true, \"type\": \"string\", \"scripted\": false}, {\"count\": 0, \"name\": \"dns.question.name\", \"analyzed\": false, \"indexed\": true, \"doc_values\": true, \"type\": \"string\", \"scripted\": false}, {\"count\": 0, \"name\": \"dns.question.type\", \"analyzed\": false, \"indexed\": true, \"doc_values\": true, \"type\": \"string\", \"scripted\": false}, {\"count\": 0, \"name\": \"dns.question.class\", \"analyzed\": false, \"indexed\": true, \"doc_values\": true, \"type\": \"string\", \"scripted\": false}, {\"count\": 0, \"name\": \"dns.question.etld_plus_one\", \"analyzed\": false, \"indexed\": true, \"doc_values\": true, \"type\": \"string\", \"scripted\": false}, {\"count\": 0, \"name\": \"dns.answers_count\", \"analyzed\": false, \"indexed\": true, \"doc_values\": true, \"type\": \"number\", \"scripted\": false}, {\"count\": 0, \"name\": \"dns.answers.name\", \"analyzed\": false, \"indexed\": true, \"doc_values\": true, \"type\": \"string\", \"scripted\": false}, {\"count\": 0, \"name\": \"dns.answers.type\", \"analyzed\": false, \"indexed\": true, \"doc_values\": true, \"type\": \"string\", \"scripted\": false}, {\"count\": 0, \"name\": \"dns.answers.class\", \"analyzed\": false, \"indexed\": true, \"doc_values\": true, \"type\": \"string\", \"scripted\": false}, {\"count\": 0, \"name\": \"dns.answers.ttl\", \"analyzed\": false, \"indexed\": true, \"doc_values\": true, \"type\": \"number\", \"scripted\": false}, {\"count\": 0, \"name\": \"dns.answers.data\", \"analyzed\": false, \"indexed\": true, \"doc_values\": true, \"type\": \"string\", \"scripted\": false}, {\"count\": 0, \"name\": \"dns.authorities\", \"analyzed\": false, \"indexed\": true, \"doc_values\": true, \"scripted\": false}, {\"count\": 0, \"name\": \"dns.authorities_count\", \"analyzed\": false, \"indexed\": true, \"doc_values\": true, \"type\": \"number\", \"scripted\": false}, {\"count\": 0, \"name\": \"dns.authorities.name\", \"analyzed\": false, \"indexed\": true, \"doc_values\": true, \"type\": \"string\", \"scripted\": false}, {\"count\": 0, \"name\": \"dns.authorities.type\", \"analyzed\": false, \"indexed\": true, \"doc_values\": true, \"type\": \"string\", \"scripted\": false}, {\"count\": 0, \"name\": \"dns.authorities.class\", \"analyzed\": false, \"indexed\": true, \"doc_values\": true, \"type\": \"string\", \"scripted\": false}, {\"count\": 0, \"name\": \"dns.answers\", \"analyzed\": false, \"indexed\": true, \"doc_values\": true, \"scripted\": false}, {\"count\": 0, \"name\": \"dns.answers.ttl\", \"analyzed\": false, \"indexed\": true, \"doc_values\": true, \"type\": \"number\", \"scripted\": false}, {\"count\": 0, \"name\": \"dns.answers.data\", \"analyzed\": false, \"indexed\": true, \"doc_values\": true, \"type\": \"string\", \"scripted\": false}, {\"count\": 0, \"name\": \"dns.additionals\", \"analyzed\": false, \"indexed\": true, \"doc_values\": true, \"scripted\": false}, {\"count\": 0, \"name\": \"dns.additionals_count\", \"analyzed\": false, \"indexed\": true, \"doc_values\": true, \"type\": \"number\", \"scripted\": false}, {\"count\": 0, \"name\": \"dns.additionals.name\", \"analyzed\": false, \"indexed\": true, \"doc_values\": true, \"type\": \"string\", \"scripted\": false}, {\"count\": 0, \"name\": \"dns.additionals.type\", \"analyzed\": false, \"indexed\": true, \"doc_values\": true, \"type\": \"string\", \"scripted\": false}, {\"count\": 0, \"name\": \"dns.additionals.class\", \"analyzed\": false, \"indexed\": true, \"doc_values\": true, \"type\": \"string\", \"scripted\": false}, {\"count\": 0, \"name\": \"dns.additionals.ttl\", \"analyzed\": false, \"indexed\": true, \"doc_values\": true, \"type\": \"number\", \"scripted\": false}, {\"count\": 0, \"name\": \"dns.additionals.data\", \"analyzed\": false, \"indexed\": true, \"doc_values\": true, \"type\": \"string\", \"scripted\": false}, {\"count\": 0, \"name\": \"dns.opt.version\", \"analyzed\": false, \"indexed\": true, \"doc_values\": true, \"type\": \"string\", \"scripted\": false}, {\"count\": 0, \"name\": \"dns.opt.do\", \"analyzed\": false, \"indexed\": true, \"doc_values\": true, \"scripted\": false}, {\"count\": 0, \"name\": \"dns.opt.ext_rcode\", \"analyzed\": false, \"indexed\": true, \"doc_values\": true, \"type\": \"string\", \"scripted\": false}, {\"count\": 0, \"name\": \"dns.opt.udp_size\", \"analyzed\": false, \"indexed\": true, \"doc_values\": true, \"type\": \"number\", \"scripted\": false}, {\"count\": 0, \"name\": \"amqp.reply-code\", \"analyzed\": false, \"indexed\": true, \"doc_values\": true, \"type\": \"number\", \"scripted\": false}, {\"count\": 0, \"name\": \"amqp.reply-text\", \"analyzed\": false, \"indexed\": true, \"doc_values\": true, \"type\": \"string\", \"scripted\": false}, {\"count\": 0, \"name\": \"amqp.class-id\", \"analyzed\": false, \"indexed\": true, \"doc_values\": true, \"type\": \"number\", \"scripted\": false}, {\"count\": 0, \"name\": \"amqp.method-id\", \"analyzed\": false, \"indexed\": true, \"doc_values\": true, \"type\": \"number\", \"scripted\": false}, {\"count\": 0, \"name\": \"amqp.exchange\", \"analyzed\": false, \"indexed\": true, \"doc_values\": true, \"type\": \"string\", \"scripted\": false}, {\"count\": 0, \"name\": \"amqp.exchange-type\", \"analyzed\": false, \"indexed\": true, \"doc_values\": true, \"type\": \"string\", \"scripted\": false}, {\"count\": 0, \"name\": \"amqp.passive\", \"analyzed\": false, \"indexed\": true, \"doc_values\": true, \"scripted\": false}, {\"count\": 0, \"name\": \"amqp.durable\", \"analyzed\": false, \"indexed\": true, \"doc_values\": true, \"scripted\": false}, {\"count\": 0, \"name\": \"amqp.exclusive\", \"analyzed\": false, \"indexed\": true, \"doc_values\": true, \"scripted\": false}, {\"count\": 0, \"name\": \"amqp.auto-delete\", \"analyzed\": false, \"indexed\": true, \"doc_values\": true, \"scripted\": false}, {\"count\": 0, \"name\": \"amqp.no-wait\", \"analyzed\": false, \"indexed\": true, \"doc_values\": true, \"scripted\": false}, {\"count\": 0, \"name\": \"amqp.consumer-tag\", \"analyzed\": false, \"indexed\": true, \"doc_values\": true, \"type\": \"string\", \"scripted\": false}, {\"count\": 0, \"name\": \"amqp.delivery-tag\", \"analyzed\": false, \"indexed\": true, \"doc_values\": true, \"type\": \"number\", \"scripted\": false}, {\"count\": 0, \"name\": \"amqp.message-count\", \"analyzed\": false, \"indexed\": true, \"doc_values\": true, \"type\": \"number\", \"scripted\": false}, {\"count\": 0, \"name\": \"amqp.consumer-count\", \"analyzed\": false, \"indexed\": true, \"doc_values\": true, \"type\": \"number\", \"scripted\": false}, {\"count\": 0, \"name\": \"amqp.routing-key\", \"analyzed\": false, \"indexed\": true, \"doc_values\": true, \"type\": \"string\", \"scripted\": false}, {\"count\": 0, \"name\": \"amqp.no-ack\", \"analyzed\": false, \"indexed\": true, \"doc_values\": true, \"scripted\": false}, {\"count\": 0, \"name\": \"amqp.no-local\", \"analyzed\": false, \"indexed\": true, \"doc_values\": true, \"scripted\": false}, {\"count\": 0, \"name\": \"amqp.if-unused\", \"analyzed\": false, \"indexed\": true, \"doc_values\": true, \"scripted\": false}, {\"count\": 0, \"name\": \"amqp.if-empty\", \"analyzed\": false, \"indexed\": true, \"doc_values\": true, \"scripted\": false}, {\"count\": 0, \"name\": \"amqp.queue\", \"analyzed\": false, \"indexed\": true, \"doc_values\": true, \"type\": \"string\", \"scripted\": false}, {\"count\": 0, \"name\": \"amqp.redelivered\", \"analyzed\": false, \"indexed\": true, \"doc_values\": true, \"scripted\": false}, {\"count\": 0, \"name\": \"amqp.multiple\", \"analyzed\": false, \"indexed\": true, \"doc_values\": true, \"scripted\": false}, {\"count\": 0, \"name\": \"amqp.arguments\", \"analyzed\": false, \"indexed\": true, \"doc_values\": true, \"scripted\": false}, {\"count\": 0, \"name\": \"amqp.mandatory\", \"analyzed\": false, \"indexed\": true, \"doc_values\": true, \"scripted\": false}, {\"count\": 0, \"name\": \"amqp.immediate\", \"analyzed\": false, \"indexed\": true, \"doc_values\": true, \"scripted\": false}, {\"count\": 0, \"name\": \"amqp.content-type\", \"analyzed\": false, \"indexed\": true, \"doc_values\": true, \"type\": \"string\", \"scripted\": false}, {\"count\": 0, \"name\": \"amqp.content-encoding\", \"analyzed\": false, \"indexed\": true, \"doc_values\": true, \"type\": \"string\", \"scripted\": false}, {\"count\": 0, \"name\": \"amqp.headers\", \"analyzed\": false, \"indexed\": true, \"doc_values\": true, \"scripted\": false}, {\"count\": 0, \"name\": \"amqp.delivery-mode\", \"analyzed\": false, \"indexed\": true, \"doc_values\": true, \"type\": \"string\", \"scripted\": false}, {\"count\": 0, \"name\": \"amqp.priority\", \"analyzed\": false, \"indexed\": true, \"doc_values\": true, \"type\": \"number\", \"scripted\": false}, {\"count\": 0, \"name\": \"amqp.correlation-id\", \"analyzed\": false, \"indexed\": true, \"doc_values\": true, \"type\": \"string\", \"scripted\": false}, {\"count\": 0, \"name\": \"amqp.reply-to\", \"analyzed\": false, \"indexed\": true, \"doc_values\": true, \"type\": \"string\", \"scripted\": false}, {\"count\": 0, \"name\": \"amqp.expiration\", \"analyzed\": false, \"indexed\": true, \"doc_values\": true, \"type\": \"string\", \"scripted\": false}, {\"count\": 0, \"name\": \"amqp.message-id\", \"analyzed\": false, \"indexed\": true, \"doc_values\": true, \"type\": \"string\", \"scripted\": false}, {\"count\": 0, \"name\": \"amqp.timestamp\", \"analyzed\": false, \"indexed\": true, \"doc_values\": true, \"type\": \"string\", \"scripted\": false}, {\"count\": 0, \"name\": \"amqp.type\", \"analyzed\": false, \"indexed\": true, \"doc_values\": true, \"type\": \"string\", \"scripted\": false}, {\"count\": 0, \"name\": \"amqp.user-id\", \"analyzed\": false, \"indexed\": true, \"doc_values\": true, \"type\": \"string\", \"scripted\": false}, {\"count\": 0, \"name\": \"amqp.app-id\", \"analyzed\": false, \"indexed\": true, \"doc_values\": true, \"type\": \"string\", \"scripted\": false}, {\"count\": 0, \"name\": \"cassandra.request.headers.version\", \"analyzed\": false, \"indexed\": true, \"doc_values\": true, \"type\": \"number\", \"scripted\": false}, {\"count\": 0, \"name\": \"cassandra.request.headers.flags\", \"analyzed\": false, \"indexed\": true, \"doc_values\": true, \"type\": \"string\", \"scripted\": false}, {\"count\": 0, \"name\": \"cassandra.request.headers.stream\", \"analyzed\": false, \"indexed\": true, \"doc_values\": true, \"type\": \"string\", \"scripted\": false}, {\"count\": 0, \"name\": \"cassandra.request.headers.op\", \"analyzed\": false, \"indexed\": true, \"doc_values\": true, \"type\": \"string\", \"scripted\": false}, {\"count\": 0, \"name\": \"cassandra.request.headers.length\", \"analyzed\": false, \"indexed\": true, \"doc_values\": true, \"type\": \"number\", \"scripted\": false}, {\"count\": 0, \"name\": \"cassandra.request.query\", \"analyzed\": false, \"indexed\": true, \"doc_values\": true, \"type\": \"string\", \"scripted\": false}, {\"count\": 0, \"name\": \"cassandra.response.headers.version\", \"analyzed\": false, \"indexed\": true, \"doc_values\": true, \"type\": \"number\", \"scripted\": false}, {\"count\": 0, \"name\": \"cassandra.response.headers.flags\", \"analyzed\": false, \"indexed\": true, \"doc_values\": true, \"type\": \"string\", \"scripted\": false}, {\"count\": 0, \"name\": \"cassandra.response.headers.stream\", \"analyzed\": false, \"indexed\": true, \"doc_values\": true, \"type\": \"string\", \"scripted\": false}, {\"count\": 0, \"name\": \"cassandra.response.headers.op\", \"analyzed\": false, \"indexed\": true, \"doc_values\": true, \"type\": \"string\", \"scripted\": false}, {\"count\": 0, \"name\": \"cassandra.response.headers.length\", \"analyzed\": false, \"indexed\": true, \"doc_values\": true, \"type\": \"number\", \"scripted\": false}, {\"count\": 0, \"name\": \"cassandra.response.result.type\", \"analyzed\": false, \"indexed\": true, \"doc_values\": true, \"type\": \"string\", \"scripted\": false}, {\"count\": 0, \"name\": \"cassandra.response.result.rows.num_rows\", \"analyzed\": false, \"indexed\": true, \"doc_values\": true, \"type\": \"number\", \"scripted\": false}, {\"count\": 0, \"name\": \"cassandra.response.result.rows.meta.keyspace\", \"analyzed\": false, \"indexed\": true, \"doc_values\": true, \"type\": \"string\", \"scripted\": false}, {\"count\": 0, \"name\": \"cassandra.response.result.rows.meta.table\", \"analyzed\": false, \"indexed\": true, \"doc_values\": true, \"type\": \"string\", \"scripted\": false}, {\"count\": 0, \"name\": \"cassandra.response.result.rows.meta.flags\", \"analyzed\": false, \"indexed\": true, \"doc_values\": true, \"type\": \"string\", \"scripted\": false}, {\"count\": 0, \"name\": \"cassandra.response.result.rows.meta.col_count\", \"analyzed\": false, \"indexed\": true, \"doc_values\": true, \"type\": \"number\", \"scripted\": false}, {\"count\": 0, \"name\": \"cassandra.response.result.rows.meta.pkey_columns\", \"analyzed\": false, \"indexed\": true, \"doc_values\": true, \"type\": \"number\", \"scripted\": false}, {\"count\": 0, \"name\": \"cassandra.response.result.rows.meta.paging_state\", \"analyzed\": false, \"indexed\": true, \"doc_values\": true, \"type\": \"string\", \"scripted\": false}, {\"count\": 0, \"name\": \"cassandra.response.result.keyspace\", \"analyzed\": false, \"indexed\": true, \"doc_values\": true, \"type\": \"string\", \"scripted\": false}, {\"count\": 0, \"name\": \"cassandra.response.result.schema_change.change\", \"analyzed\": false, \"indexed\": true, \"doc_values\": true, \"type\": \"string\", \"scripted\": false}, {\"count\": 0, \"name\": \"cassandra.response.result.schema_change.keyspace\", \"analyzed\": false, \"indexed\": true, \"doc_values\": true, \"type\": \"string\", \"scripted\": false}, {\"count\": 0, \"name\": \"cassandra.response.result.schema_change.table\", \"analyzed\": false, \"indexed\": true, \"doc_values\": true, \"type\": \"string\", \"scripted\": false}, {\"count\": 0, \"name\": \"cassandra.response.result.schema_change.object\", \"analyzed\": false, \"indexed\": true, \"doc_values\": true, \"type\": \"string\", \"scripted\": false}, {\"count\": 0, \"name\": \"cassandra.response.result.schema_change.target\", \"analyzed\": false, \"indexed\": true, \"doc_values\": true, \"type\": \"string\", \"scripted\": false}, {\"count\": 0, \"name\": \"cassandra.response.result.schema_change.name\", \"analyzed\": false, \"indexed\": true, \"doc_values\": true, \"type\": \"string\", \"scripted\": false}, {\"count\": 0, \"name\": \"cassandra.response.result.schema_change.args\", \"analyzed\": false, \"indexed\": true, \"doc_values\": true, \"type\": \"string\", \"scripted\": false}, {\"count\": 0, \"name\": \"cassandra.response.result.prepared.prepared_id\", \"analyzed\": false, \"indexed\": true, \"doc_values\": true, \"type\": \"string\", \"scripted\": false}, {\"count\": 0, \"name\": \"cassandra.response.result.prepared.req_meta.keyspace\", \"analyzed\": false, \"indexed\": true, \"doc_values\": true, \"type\": \"string\", \"scripted\": false}, {\"count\": 0, \"name\": \"cassandra.response.result.prepared.req_meta.table\", \"analyzed\": false, \"indexed\": true, \"doc_values\": true, \"type\": \"string\", \"scripted\": false}, {\"count\": 0, \"name\": \"cassandra.response.result.prepared.req_meta.flags\", \"analyzed\": false, \"indexed\": true, \"doc_values\": true, \"type\": \"string\", \"scripted\": false}, {\"count\": 0, \"name\": \"cassandra.response.result.prepared.req_meta.col_count\", \"analyzed\": false, \"indexed\": true, \"doc_values\": true, \"type\": \"number\", \"scripted\": false}, {\"count\": 0, \"name\": \"cassandra.response.result.prepared.req_meta.pkey_columns\", \"analyzed\": false, \"indexed\": true, \"doc_values\": true, \"type\": \"number\", \"scripted\": false}, {\"count\": 0, \"name\": \"cassandra.response.result.prepared.req_meta.paging_state\", \"analyzed\": false, \"indexed\": true, \"doc_values\": true, \"type\": \"string\", \"scripted\": false}, {\"count\": 0, \"name\": \"cassandra.response.result.prepared.resp_meta.keyspace\", \"analyzed\": false, \"indexed\": true, \"doc_values\": true, \"type\": \"string\", \"scripted\": false}, {\"count\": 0, \"name\": \"cassandra.response.result.prepared.resp_meta.table\", \"analyzed\": false, \"indexed\": true, \"doc_values\": true, \"type\": \"string\", \"scripted\": false}, {\"count\": 0, \"name\": \"cassandra.response.result.prepared.resp_meta.flags\", \"analyzed\": false, \"indexed\": true, \"doc_values\": true, \"type\": \"string\", \"scripted\": false}, {\"count\": 0, \"name\": \"cassandra.response.result.prepared.resp_meta.col_count\", \"analyzed\": false, \"indexed\": true, \"doc_values\": true, \"type\": \"number\", \"scripted\": false}, {\"count\": 0, \"name\": \"cassandra.response.result.prepared.resp_meta.pkey_columns\", \"analyzed\": false, \"indexed\": true, \"doc_values\": true, \"type\": \"number\", \"scripted\": false}, {\"count\": 0, \"name\": \"cassandra.response.result.prepared.resp_meta.paging_state\", \"analyzed\": false, \"indexed\": true, \"doc_values\": true, \"type\": \"string\", \"scripted\": false}, {\"count\": 0, \"name\": \"cassandra.response.supported\", \"analyzed\": false, \"indexed\": true, \"doc_values\": true, \"scripted\": false}, {\"count\": 0, \"name\": \"cassandra.response.authentication.class\", \"analyzed\": false, \"indexed\": true, \"doc_values\": true, \"type\": \"string\", \"scripted\": false}, {\"count\": 0, \"name\": \"cassandra.response.warnings\", \"analyzed\": false, \"indexed\": true, \"doc_values\": true, \"type\": \"string\", \"scripted\": false}, {\"count\": 0, \"name\": \"cassandra.response.event.type\", \"analyzed\": false, \"indexed\": true, \"doc_values\": true, \"type\": \"string\", \"scripted\": false}, {\"count\": 0, \"name\": \"cassandra.response.event.change\", \"analyzed\": false, \"indexed\": true, \"doc_values\": true, \"type\": \"string\", \"scripted\": false}, {\"count\": 0, \"name\": \"cassandra.response.event.host\", \"analyzed\": false, \"indexed\": true, \"doc_values\": true, \"type\": \"string\", \"scripted\": false}, {\"count\": 0, \"name\": \"cassandra.response.event.host\", \"analyzed\": false, \"indexed\": true, \"doc_values\": true, \"type\": \"string\", \"scripted\": false}, {\"count\": 0, \"name\": \"cassandra.response.event.schema_change.change\", \"analyzed\": false, \"indexed\": true, \"doc_values\": true, \"type\": \"string\", \"scripted\": false}, {\"count\": 0, \"name\": \"cassandra.response.event.schema_change.keyspace\", \"analyzed\": false, \"indexed\": true, \"doc_values\": true, \"type\": \"string\", \"scripted\": false}, {\"count\": 0, \"name\": \"cassandra.response.event.schema_change.table\", \"analyzed\": false, \"indexed\": true, \"doc_values\": true, \"type\": \"string\", \"scripted\": false}, {\"count\": 0, \"name\": \"cassandra.response.event.schema_change.object\", \"analyzed\": false, \"indexed\": true, \"doc_values\": true, \"type\": \"string\", \"scripted\": false}, {\"count\": 0, \"name\": \"cassandra.response.event.schema_change.target\", \"analyzed\": false, \"indexed\": true, \"doc_values\": true, \"type\": \"string\", \"scripted\": false}, {\"count\": 0, \"name\": \"cassandra.response.event.schema_change.name\", \"analyzed\": false, \"indexed\": true, \"doc_values\": true, \"type\": \"string\", \"scripted\": false}, {\"count\": 0, \"name\": \"cassandra.response.event.schema_change.args\", \"analyzed\": false, \"indexed\": true, \"doc_values\": true, \"type\": \"string\", \"scripted\": false}, {\"count\": 0, \"name\": \"cassandra.response.error.code\", \"analyzed\": false, \"indexed\": true, \"doc_values\": true, \"type\": \"number\", \"scripted\": false}, {\"count\": 0, \"name\": \"cassandra.response.error.msg\", \"analyzed\": false, \"indexed\": true, \"doc_values\": true, \"type\": \"string\", \"scripted\": false}, {\"count\": 0, \"name\": \"cassandra.response.error.type\", \"analyzed\": false, \"indexed\": true, \"doc_values\": true, \"type\": \"string\", \"scripted\": false}, {\"count\": 0, \"name\": \"cassandra.response.error.details.read_consistency\", \"analyzed\": false, \"indexed\": true, \"doc_values\": true, \"type\": \"string\", \"scripted\": false}, {\"count\": 0, \"name\": \"cassandra.response.error.details.required\", \"analyzed\": false, \"indexed\": true, \"doc_values\": true, \"type\": \"number\", \"scripted\": false}, {\"count\": 0, \"name\": \"cassandra.response.error.details.alive\", \"analyzed\": false, \"indexed\": true, \"doc_values\": true, \"type\": \"number\", \"scripted\": false}, {\"count\": 0, \"name\": \"cassandra.response.error.details.received\", \"analyzed\": false, \"indexed\": true, \"doc_values\": true, \"type\": \"number\", \"scripted\": false}, {\"count\": 0, \"name\": \"cassandra.response.error.details.blockfor\", \"analyzed\": false, \"indexed\": true, \"doc_values\": true, \"type\": \"number\", \"scripted\": false}, {\"count\": 0, \"name\": \"cassandra.response.error.details.write_type\", \"analyzed\": false, \"indexed\": true, \"doc_values\": true, \"type\": \"string\", \"scripted\": false}, {\"count\": 0, \"name\": \"cassandra.response.error.details.data_present\", \"analyzed\": false, \"indexed\": true, \"doc_values\": true, \"scripted\": false}, {\"count\": 0, \"name\": \"cassandra.response.error.details.keyspace\", \"analyzed\": false, \"indexed\": true, \"doc_values\": true, \"type\": \"string\", \"scripted\": false}, {\"count\": 0, \"name\": \"cassandra.response.error.details.table\", \"analyzed\": false, \"indexed\": true, \"doc_values\": true, \"type\": \"string\", \"scripted\": false}, {\"count\": 0, \"name\": \"cassandra.response.error.details.stmt_id\", \"analyzed\": false, \"indexed\": true, \"doc_values\": true, \"type\": \"string\", \"scripted\": false}, {\"count\": 0, \"name\": \"cassandra.response.error.details.num_failures\", \"analyzed\": false, \"indexed\": true, \"doc_values\": true, \"type\": \"string\", \"scripted\": false}, {\"count\": 0, \"name\": \"cassandra.response.error.details.function\", \"analyzed\": false, \"indexed\": true, \"doc_values\": true, \"type\": \"string\", \"scripted\": false}, {\"count\": 0, \"name\": \"cassandra.response.error.details.arg_types\", \"analyzed\": false, \"indexed\": true, \"doc_values\": true, \"type\": \"string\", \"scripted\": false}, {\"count\": 0, \"name\": \"http.request.params\", \"analyzed\": false, \"indexed\": true, \"doc_values\": true, \"type\": \"string\", \"scripted\": false}, {\"count\": 0, \"name\": \"http.request.headers\", \"analyzed\": false, \"indexed\": true, \"doc_values\": true, \"scripted\": false}, {\"count\": 0, \"name\": \"http.request.body\", \"analyzed\": false, \"indexed\": true, \"doc_values\": true, \"type\": \"string\", \"scripted\": false}, {\"count\": 0, \"name\": \"http.response.code\", \"analyzed\": false, \"indexed\": true, \"doc_values\": true, \"type\": \"string\", \"scripted\": false}, {\"count\": 0, \"name\": \"http.response.phrase\", \"analyzed\": false, \"indexed\": true, \"doc_values\": true, \"type\": \"string\", \"scripted\": false}, {\"count\": 0, \"name\": \"http.response.headers\", \"analyzed\": false, \"indexed\": true, \"doc_values\": true, \"scripted\": false}, {\"count\": 0, \"name\": \"http.response.body\", \"analyzed\": false, \"indexed\": true, \"doc_values\": true, \"type\": \"string\", \"scripted\": false}, {\"count\": 0, \"name\": \"memcache.protocol_type\", \"analyzed\": false, \"indexed\": true, \"doc_values\": true, \"type\": \"string\", \"scripted\": false}, {\"count\": 0, \"name\": \"memcache.request.line\", \"analyzed\": false, \"indexed\": true, \"doc_values\": true, \"type\": \"string\", \"scripted\": false}, {\"count\": 0, \"name\": \"memcache.request.command\", \"analyzed\": false, \"indexed\": true, \"doc_values\": true, \"type\": \"string\", \"scripted\": false}, {\"count\": 0, \"name\": \"memcache.response.command\", \"analyzed\": false, \"indexed\": true, \"doc_values\": true, \"type\": \"string\", \"scripted\": false}, {\"count\": 0, \"name\": \"memcache.request.type\", \"analyzed\": false, \"indexed\": true, \"doc_values\": true, \"type\": \"string\", \"scripted\": false}, {\"count\": 0, \"name\": \"memcache.response.type\", \"analyzed\": false, \"indexed\": true, \"doc_values\": true, \"type\": \"string\", \"scripted\": false}, {\"count\": 0, \"name\": \"memcache.response.error_msg\", \"analyzed\": false, \"indexed\": true, \"doc_values\": true, \"type\": \"string\", \"scripted\": false}, {\"count\": 0, \"name\": \"memcache.request.opcode\", \"analyzed\": false, \"indexed\": true, \"doc_values\": true, \"type\": \"string\", \"scripted\": false}, {\"count\": 0, \"name\": \"memcache.response.opcode\", \"analyzed\": false, \"indexed\": true, \"doc_values\": true, \"type\": \"string\", \"scripted\": false}, {\"count\": 0, \"name\": \"memcache.request.opcode_value\", \"analyzed\": false, \"indexed\": true, \"doc_values\": true, \"type\": \"number\", \"scripted\": false}, {\"count\": 0, \"name\": \"memcache.response.opcode_value\", \"analyzed\": false, \"indexed\": true, \"doc_values\": true, \"type\": \"number\", \"scripted\": false}, {\"count\": 0, \"name\": \"memcache.request.opaque\", \"analyzed\": false, \"indexed\": true, \"doc_values\": true, \"type\": \"number\", \"scripted\": false}, {\"count\": 0, \"name\": \"memcache.response.opaque\", \"analyzed\": false, \"indexed\": true, \"doc_values\": true, \"type\": \"number\", \"scripted\": false}, {\"count\": 0, \"name\": \"memcache.request.vbucket\", \"analyzed\": false, \"indexed\": true, \"doc_values\": true, \"type\": \"number\", \"scripted\": false}, {\"count\": 0, \"name\": \"memcache.response.status\", \"analyzed\": false, \"indexed\": true, \"doc_values\": true, \"type\": \"string\", \"scripted\": false}, {\"count\": 0, \"name\": \"memcache.response.status_code\", \"analyzed\": false, \"indexed\": true, \"doc_values\": true, \"type\": \"number\", \"scripted\": false}, {\"count\": 0, \"name\": \"memcache.request.keys\", \"analyzed\": false, \"indexed\": true, \"doc_values\": true, \"scripted\": false}, {\"count\": 0, \"name\": \"memcache.response.keys\", \"analyzed\": false, \"indexed\": true, \"doc_values\": true, \"scripted\": false}, {\"count\": 0, \"name\": \"memcache.request.count_values\", \"analyzed\": false, \"indexed\": true, \"doc_values\": true, \"type\": \"number\", \"scripted\": false}, {\"count\": 0, \"name\": \"memcache.response.count_values\", \"analyzed\": false, \"indexed\": true, \"doc_values\": true, \"type\": \"number\", \"scripted\": false}, {\"count\": 0, \"name\": \"memcache.request.values\", \"analyzed\": false, \"indexed\": true, \"doc_values\": true, \"scripted\": false}, {\"count\": 0, \"name\": \"memcache.response.values\", \"analyzed\": false, \"indexed\": true, \"doc_values\": true, \"scripted\": false}, {\"count\": 0, \"name\": \"memcache.request.bytes\", \"analyzed\": false, \"indexed\": true, \"doc_values\": true, \"type\": \"number\", \"scripted\": false}, {\"count\": 0, \"name\": \"memcache.response.bytes\", \"analyzed\": false, \"indexed\": true, \"doc_values\": true, \"type\": \"number\", \"scripted\": false}, {\"count\": 0, \"name\": \"memcache.request.delta\", \"analyzed\": false, \"indexed\": true, \"doc_values\": true, \"type\": \"number\", \"scripted\": false}, {\"count\": 0, \"name\": \"memcache.request.initial\", \"analyzed\": false, \"indexed\": true, \"doc_values\": true, \"type\": \"number\", \"scripted\": false}, {\"count\": 0, \"name\": \"memcache.request.verbosity\", \"analyzed\": false, \"indexed\": true, \"doc_values\": true, \"type\": \"number\", \"scripted\": false}, {\"count\": 0, \"name\": \"memcache.request.raw_args\", \"analyzed\": false, \"indexed\": true, \"doc_values\": true, \"type\": \"string\", \"scripted\": false}, {\"count\": 0, \"name\": \"memcache.request.source_class\", \"analyzed\": false, \"indexed\": true, \"doc_values\": true, \"type\": \"number\", \"scripted\": false}, {\"count\": 0, \"name\": \"memcache.request.dest_class\", \"analyzed\": false, \"indexed\": true, \"doc_values\": true, \"type\": \"number\", \"scripted\": false}, {\"count\": 0, \"name\": \"memcache.request.automove\", \"analyzed\": false, \"indexed\": true, \"doc_values\": true, \"type\": \"string\", \"scripted\": false}, {\"count\": 0, \"name\": \"memcache.request.flags\", \"analyzed\": false, \"indexed\": true, \"doc_values\": true, \"type\": \"number\", \"scripted\": false}, {\"count\": 0, \"name\": \"memcache.response.flags\", \"analyzed\": false, \"indexed\": true, \"doc_values\": true, \"type\": \"number\", \"scripted\": false}, {\"count\": 0, \"name\": \"memcache.request.exptime\", \"analyzed\": false, \"indexed\": true, \"doc_values\": true, \"type\": \"number\", \"scripted\": false}, {\"count\": 0, \"name\": \"memcache.request.sleep_us\", \"analyzed\": false, \"indexed\": true, \"doc_values\": true, \"type\": \"number\", \"scripted\": false}, {\"count\": 0, \"name\": \"memcache.response.value\", \"analyzed\": false, \"indexed\": true, \"doc_values\": true, \"type\": \"number\", \"scripted\": false}, {\"count\": 0, \"name\": \"memcache.request.noreply\", \"analyzed\": false, \"indexed\": true, \"doc_values\": true, \"scripted\": false}, {\"count\": 0, \"name\": \"memcache.request.quiet\", \"analyzed\": false, \"indexed\": true, \"doc_values\": true, \"scripted\": false}, {\"count\": 0, \"name\": \"memcache.request.cas_unique\", \"analyzed\": false, \"indexed\": true, \"doc_values\": true, \"type\": \"number\", \"scripted\": false}, {\"count\": 0, \"name\": \"memcache.response.cas_unique\", \"analyzed\": false, \"indexed\": true, \"doc_values\": true, \"type\": \"number\", \"scripted\": false}, {\"count\": 0, \"name\": \"memcache.response.stats\", \"analyzed\": false, \"indexed\": true, \"doc_values\": true, \"scripted\": false}, {\"count\": 0, \"name\": \"memcache.response.version\", \"analyzed\": false, \"indexed\": true, \"doc_values\": true, \"type\": \"string\", \"scripted\": false}, {\"count\": 0, \"name\": \"mysql.iserror\", \"analyzed\": false, \"indexed\": true, \"doc_values\": true, \"scripted\": false}, {\"count\": 0, \"name\": \"mysql.affected_rows\", \"analyzed\": false, \"indexed\": true, \"doc_values\": true, \"type\": \"number\", \"scripted\": false}, {\"count\": 0, \"name\": \"mysql.insert_id\", \"analyzed\": false, \"indexed\": true, \"doc_values\": true, \"type\": \"string\", \"scripted\": false}, {\"count\": 0, \"name\": \"mysql.num_fields\", \"analyzed\": false, \"indexed\": true, \"doc_values\": true, \"type\": \"string\", \"scripted\": false}, {\"count\": 0, \"name\": \"mysql.num_rows\", \"analyzed\": false, \"indexed\": true, \"doc_values\": true, \"type\": \"string\", \"scripted\": false}, {\"count\": 0, \"name\": \"mysql.query\", \"analyzed\": false, \"indexed\": true, \"doc_values\": true, \"type\": \"string\", \"scripted\": false}, {\"count\": 0, \"name\": \"mysql.error_code\", \"analyzed\": false, \"indexed\": true, \"doc_values\": true, \"type\": \"number\", \"scripted\": false}, {\"count\": 0, \"name\": \"mysql.error_message\", \"analyzed\": false, \"indexed\": true, \"doc_values\": true, \"type\": \"string\", \"scripted\": false}, {\"count\": 0, \"name\": \"pgsql.query\", \"analyzed\": false, \"indexed\": true, \"doc_values\": true, \"type\": \"string\", \"scripted\": false}, {\"count\": 0, \"name\": \"pgsql.iserror\", \"analyzed\": false, \"indexed\": true, \"doc_values\": true, \"scripted\": false}, {\"count\": 0, \"name\": \"pgsql.error_code\", \"analyzed\": false, \"indexed\": true, \"doc_values\": true, \"type\": \"number\", \"scripted\": false}, {\"count\": 0, \"name\": \"pgsql.error_message\", \"analyzed\": false, \"indexed\": true, \"doc_values\": true, \"type\": \"string\", \"scripted\": false}, {\"count\": 0, \"name\": \"pgsql.error_severity\", \"analyzed\": false, \"indexed\": true, \"doc_values\": true, \"type\": \"string\", \"scripted\": false}, {\"count\": 0, \"name\": \"pgsql.num_fields\", \"analyzed\": false, \"indexed\": true, \"doc_values\": true, \"type\": \"string\", \"scripted\": false}, {\"count\": 0, \"name\": \"pgsql.num_rows\", \"analyzed\": false, \"indexed\": true, \"doc_values\": true, \"type\": \"string\", \"scripted\": false}, {\"count\": 0, \"name\": \"thrift.params\", \"analyzed\": false, \"indexed\": true, \"doc_values\": true, \"type\": \"string\", \"scripted\": false}, {\"count\": 0, \"name\": \"thrift.service\", \"analyzed\": false, \"indexed\": true, \"doc_values\": true, \"type\": \"string\", \"scripted\": false}, {\"count\": 0, \"name\": \"thrift.return_value\", \"analyzed\": false, \"indexed\": true, \"doc_values\": true, \"type\": \"string\", \"scripted\": false}, {\"count\": 0, \"name\": \"thrift.exceptions\", \"analyzed\": false, \"indexed\": true, \"doc_values\": true, \"type\": \"string\", \"scripted\": false}, {\"count\": 0, \"name\": \"redis.return_value\", \"analyzed\": false, \"indexed\": true, \"doc_values\": true, \"type\": \"string\", \"scripted\": false}, {\"count\": 0, \"name\": \"redis.error\", \"analyzed\": false, \"indexed\": true, \"doc_values\": true, \"type\": \"string\", \"scripted\": false}, {\"count\": 0, \"name\": \"mongodb.error\", \"analyzed\": false, \"indexed\": true, \"doc_values\": true, \"type\": \"string\", \"scripted\": false}, {\"count\": 0, \"name\": \"mongodb.fullCollectionName\", \"analyzed\": false, \"indexed\": true, \"doc_values\": true, \"type\": \"string\", \"scripted\": false}, {\"count\": 0, \"name\": \"mongodb.numberToSkip\", \"analyzed\": false, \"indexed\": true, \"doc_values\": true, \"type\": \"number\", \"scripted\": false}, {\"count\": 0, \"name\": \"mongodb.numberToReturn\", \"analyzed\": false, \"indexed\": true, \"doc_values\": true, \"type\": \"number\", \"scripted\": false}, {\"count\": 0, \"name\": \"mongodb.numberReturned\", \"analyzed\": false, \"indexed\": true, \"doc_values\": true, \"type\": \"number\", \"scripted\": false}, {\"count\": 0, \"name\": \"mongodb.startingFrom\", \"analyzed\": false, \"indexed\": true, \"doc_values\": true, \"type\": \"string\", \"scripted\": false}, {\"count\": 0, \"name\": \"mongodb.query\", \"analyzed\": false, \"indexed\": true, \"doc_values\": true, \"type\": \"string\", \"scripted\": false}, {\"count\": 0, \"name\": \"mongodb.returnFieldsSelector\", \"analyzed\": false, \"indexed\": true, \"doc_values\": true, \"type\": \"string\", \"scripted\": false}, {\"count\": 0, \"name\": \"mongodb.selector\", \"analyzed\": false, \"indexed\": true, \"doc_values\": true, \"type\": \"string\", \"scripted\": false}, {\"count\": 0, \"name\": \"mongodb.update\", \"analyzed\": false, \"indexed\": true, \"doc_values\": true, \"type\": \"string\", \"scripted\": false}, {\"count\": 0, \"name\": \"mongodb.cursorId\", \"analyzed\": false, \"indexed\": true, \"doc_values\": true, \"type\": \"string\", \"scripted\": false}, {\"count\": 0, \"name\": \"rpc.xid\", \"analyzed\": false, \"indexed\": true, \"doc_values\": true, \"type\": \"string\", \"scripted\": false}, {\"count\": 0, \"name\": \"rpc.call_size\", \"analyzed\": false, \"indexed\": true, \"doc_values\": true, \"type\": \"number\", \"scripted\": false}, {\"count\": 0, \"name\": \"rpc.reply_size\", \"analyzed\": false, \"indexed\": true, \"doc_values\": true, \"type\": \"number\", \"scripted\": false}, {\"count\": 0, \"name\": \"rpc.status\", \"analyzed\": false, \"indexed\": true, \"doc_values\": true, \"type\": \"string\", \"scripted\": false}, {\"count\": 0, \"name\": \"rpc.time\", \"analyzed\": false, \"indexed\": true, \"doc_values\": true, \"type\": \"number\", \"scripted\": false}, {\"count\": 0, \"name\": \"rpc.time_str\", \"analyzed\": false, \"indexed\": true, \"doc_values\": true, \"type\": \"string\", \"scripted\": false}, {\"count\": 0, \"name\": \"rpc.auth_flavor\", \"analyzed\": false, \"indexed\": true, \"doc_values\": true, \"type\": \"string\", \"scripted\": false}, {\"count\": 0, \"name\": \"rpc.cred.uid\", \"analyzed\": false, \"indexed\": true, \"doc_values\": true, \"type\": \"number\", \"scripted\": false}, {\"count\": 0, \"name\": \"rpc.cred.gid\", \"analyzed\": false, \"indexed\": true, \"doc_values\": true, \"type\": \"number\", \"scripted\": false}, {\"count\": 0, \"name\": \"rpc.cred.gids\", \"analyzed\": false, \"indexed\": true, \"doc_values\": true, \"type\": \"string\", \"scripted\": false}, {\"count\": 0, \"name\": \"rpc.cred.stamp\", \"analyzed\": false, \"indexed\": true, \"doc_values\": true, \"type\": \"number\", \"scripted\": false}, {\"count\": 0, \"name\": \"rpc.cred.machinename\", \"analyzed\": false, \"indexed\": true, \"doc_values\": true, \"type\": \"string\", \"scripted\": false}, {\"count\": 0, \"name\": \"nfs.version\", \"analyzed\": false, \"indexed\": true, \"doc_values\": true, \"type\": \"number\", \"scripted\": false}, {\"count\": 0, \"name\": \"nfs.minor_version\", \"analyzed\": false, \"indexed\": true, \"doc_values\": true, \"type\": \"number\", \"scripted\": false}, {\"count\": 0, \"name\": \"nfs.tag\", \"analyzed\": false, \"indexed\": true, \"doc_values\": true, \"type\": \"string\", \"scripted\": false}, {\"count\": 0, \"name\": \"nfs.opcode\", \"analyzed\": false, \"indexed\": true, \"doc_values\": true, \"type\": \"string\", \"scripted\": false}, {\"count\": 0, \"name\": \"nfs.status\", \"analyzed\": false, \"indexed\": true, \"doc_values\": true, \"type\": \"string\", \"scripted\": false}, {\"count\": 0, \"name\": \"request\", \"analyzed\": false, \"indexed\": true, \"doc_values\": true, \"type\": \"string\", \"scripted\": false}, {\"count\": 0, \"name\": \"response\", \"analyzed\": false, \"indexed\": true, \"doc_values\": true, \"type\": \"string\", \"scripted\": false}, {\"count\": 0, \"name\": \"responsetime\", \"analyzed\": false, \"indexed\": true, \"doc_values\": true, \"type\": \"number\", \"scripted\": false}, {\"count\": 0, \"name\": \"cpu_time\", \"analyzed\": false, \"indexed\": true, \"doc_values\": true, \"type\": \"number\", \"scripted\": false}, {\"count\": 0, \"name\": \"bytes_in\", \"analyzed\": false, \"indexed\": true, \"doc_values\": true, \"type\": \"number\", \"scripted\": false}, {\"count\": 0, \"name\": \"bytes_out\", \"analyzed\": false, \"indexed\": true, \"doc_values\": true, \"type\": \"number\", \"scripted\": false}, {\"count\": 0, \"name\": \"dnstime\", \"analyzed\": false, \"indexed\": true, \"doc_values\": true, \"type\": \"number\", \"scripted\": false}, {\"count\": 0, \"name\": \"connecttime\", \"analyzed\": false, \"indexed\": true, \"doc_values\": true, \"type\": \"number\", \"scripted\": false}, {\"count\": 0, \"name\": \"loadtime\", \"analyzed\": false, \"indexed\": true, \"doc_values\": true, \"type\": \"number\", \"scripted\": false}, {\"count\": 0, \"name\": \"domloadtime\", \"analyzed\": false, \"indexed\": true, \"doc_values\": true, \"type\": \"number\", \"scripted\": false}]", 
  "fieldFormatMap": "{\"client_ip\": {\"id\": \"dotted notation.\"}, \"memcache.request.bytes\": {\"id\": \"bytes\"}, \"start_time\": {\"id\": \"YYYY-MM-DDTHH:MM:SS.milliZ\"}, \"real_ip\": {\"id\": \"Dotted notation.\"}, \"ip\": {\"id\": \"dotted notation.\"}, \"@timestamp\": {\"id\": \"YYYY-MM-DDTHH:MM:SS.milliZ\"}, \"bytes_out\": {\"id\": \"bytes\"}, \"last_time\": {\"id\": \"YYYY-MM-DDTHH:MM:SS.milliZ\"}, \"client_port\": {\"id\": \"dotted notation.\"}, \"memcache.response.bytes\": {\"id\": \"bytes\"}, \"bytes_in\": {\"id\": \"bytes\"}, \"port\": {\"id\": \"dotted notation.\"}}", 
  "timeFieldName": "@timestamp", 
  "title": "packetbeat-*"
}